,train,validation,test
01AD002,1.0,1.0,0.6876568560346794
01AD003,1.0,1.0,0.9377138945927447
01AD015,0.0,0.17499429614419348,0.08304814054300702
01AE001,1.0,1.0,0.6876568560346794
01AF006,0.0,0.0,0.0
01AF007,1.0,1.0,0.9377138945927447
01AF009,0.3123431439653206,1.0,0.9377138945927447
01AH005,0.6668948208989276,0.0,0.0
01AJ003,1.0,1.0,0.9377138945927447
01AJ004,1.0,1.0,0.9377138945927447
01AJ006,0.0,0.0,0.0
01AJ007,0.0,0.0,0.0
01AJ010,1.0,1.0,0.9377138945927447
01AJ011,0.9377138945927447,0.0,0.0
01AK001,1.0,1.0,0.9377138945927447
01AK005,0.9377138945927447,0.0,0.0
01AK006,1.0,1.0,0.9377138945927447
01AK007,1.0,1.0,0.9377138945927447
01AL002,1.0,1.0,0.9377138945927447
01AL003,0.9377138945927447,0.0,0.0
01AL004,1.0,1.0,0.9377138945927447
01AL008,0.9377138945927447,0.0,0.0
01AM001,1.0,1.0,0.9377138945927447
01AN001,0.9338352726443075,0.0,0.0
01AN002,1.0,1.0,0.9377138945927447
01AO009,0.9377138945927447,0.0,0.0
01AP002,1.0,1.0,0.9377138945927447
01AP004,1.0,1.0,0.9377138945927447
01AP006,0.9377138945927447,0.0,0.7499429614419347
01AP009,0.3645904631530915,0.0,0.0
01AQ001,1.0,1.0,1.0
01AQ008,0.8795345653661876,0.04152407027150351,0.0
01AR007,0.0,0.0,0.0
01AR008,0.0,0.0,0.0
01BA001,0.0,0.0,0.0
01BC001,1.0,1.0,0.9377138945927447
01BD002,0.9806068902578143,0.25758612822267857,0.0
01BD004,0.0832762947752681,0.0,0.0
01BD008,1.0,0.9849418206707734,0.0832762947752681
01BD009,0.0,0.7659137577002053,0.564909879078257
01BE001,1.0,1.0,0.9377138945927447
01BF001,1.0,0.5550992470910335,0.0
01BF004,0.0,0.34679443303673285,0.5872689938398357
01BG001,0.0,0.0,0.0
01BG002,0.03901437371663241,0.0,0.0
01BG003,0.0,0.0,0.0
01BG004,0.0,0.0,0.0
01BG005,1.0,0.9664613278576317,0.5774583618526123
01BG006,0.0,0.0,0.0
01BG008,1.0,0.5833903718913986,0.0
01BG009,0.9365731234314396,0.9968058407483459,0.5870408396075747
01BH001,0.0,0.0,0.0
01BH002,0.0,0.0,0.0
01BH003,0.0,0.0,0.0
01BH007,1.0,0.22359114761578824,0.0
01BH008,0.21355236139630385,0.0,0.0
01BH009,0.0,0.0,0.0
01BH012,0.23933378964179786,0.3041295916039243,0.0
01BJ001,1.0,0.04152407027150351,0.0
01BJ003,1.0,1.0,0.9377138945927447
01BJ007,1.0,1.0,0.9377138945927447
01BJ010,1.0,1.0,0.9377138945927447
01BJ012,0.8957335158567191,1.0,0.9377138945927447
01BK006,0.541638147387634,0.0,0.0
01BL001,0.7081907369381701,0.0,0.0
01BL002,1.0,1.0,0.9377138945927447
01BL003,1.0,1.0,0.9377138945927447
01BO001,1.0,1.0,0.9377138945927447
01BO003,1.0,0.04152407027150351,0.0
01BO004,0.9377138945927447,0.0,0.0
01BP001,1.0,1.0,0.9377138945927447
01BP002,0.4111339265343372,1.0,0.9377138945927447
01BQ001,1.0,1.0,0.9377138945927447
01BS001,1.0,1.0,0.9377138945927447
01BT001,0.6828656171571983,0.0,0.0
01BU002,1.0,1.0,0.9377138945927447
01BU004,0.23112023728040154,0.0,0.0
01BU005,0.0,0.33333333333333337,0.0
01BU006,0.0,0.33333333333333337,0.0
01BU007,0.0,0.5441478439425051,0.0
01BU008,0.0,0.5441478439425051,0.0
01BU009,0.0,0.9545973077800594,0.9377138945927447
01BV004,0.2673967602099019,1.0,0.9794661190965093
01BV005,0.0,0.0,0.0
01BV006,1.0,1.0,0.9377138945927447
01BV007,0.0,0.0,0.0
01BV008,0.0,0.0,0.0
01BV010,0.0,0.09514031485284047,0.35432352270134615
01CA003,1.0,1.0,0.9377138945927447
01CA004,0.0,0.0,0.0
01CB005,0.43759981747661414,0.0,0.0
01CB006,0.8186173853524983,0.0,0.0
01CB007,0.0,0.0,0.0
01CB008,0.0,0.0,0.0
01CB010,0.0,0.0,0.0
01CB012,0.0,0.0,0.0
01CB014,0.0,0.0,0.0
01CB015,0.13552361396303902,0.0,0.0
01CC004,0.0,0.0,0.0
01CC005,0.5188227241615332,1.0,0.9377138945927447
01CD005,0.0,0.9790098106319872,0.9377138945927447
01CE003,0.0,0.0,0.0
01CE004,1.0,0.04563084645220172,0.0
01CE005,0.2648870636550308,0.000684462696783017,0.0
01DD002,0.0,0.49509468400638834,1.0
01DD004,1.0,0.047227926078028726,0.0
01DD005,0.0,0.47684234542550763,0.999771845767739
01DG003,1.0,1.0,0.9377138945927447
01DG006,1.0,0.04449007529089666,0.0
01DH002,0.0,0.0,0.0
01DH003,0.7081907369381701,0.0,0.0
01DJ004,0.0,0.0,0.0
01DJ005,0.08532968286561715,1.0,0.9377138945927447
01DL001,1.0,0.8590006844626967,0.9377138945927447
01DN004,1.0,0.40999315537303216,0.0
01DN006,0.0,0.0,0.0
01DN008,0.0,0.0,0.0
01DO001,1.0,0.04608715491672366,0.0
01DP004,0.9164955509924709,1.0,0.9377138945927447
01DR001,1.0,1.0,1.0
01EC001,1.0,1.0,1.0
01EC002,0.5017111567419575,0.04699977184576776,0.0
01ED005,1.0,0.6046087154916724,0.9790098106319872
01ED007,1.0,1.0,1.0
01ED008,0.0,0.0,0.0
01ED009,0.1715719826602784,0.0,0.0
01ED010,0.21332420716404288,0.1190965092402464,0.0
01ED013,0.0,0.5756331279945244,1.0
01EE005,1.0,1.0,1.0
01EE007,0.29500342231348387,0.0,0.0
01EF001,1.0,1.0,1.0
01EG002,1.0,0.18777093315080995,0.0
01EH003,1.0,0.10426648414328088,0.0
01EJ001,1.0,1.0,0.9377138945927447
01EJ002,0.0,0.0,0.0
01EJ004,1.0,1.0,0.8544375998174766
01EJ006,0.37508555783709785,0.02099018936801278,0.0
01EM002,0.19917864476386038,0.0,0.0
01EN002,1.0,0.13712069358886603,0.0
01EN003,0.4905315993611682,0.04699977184576776,0.0
01EO001,1.0,1.0,1.0
01ER001,1.0,0.04585900068446269,0.0
01ER002,0.0,0.0,0.0
01FA001,1.0,1.0,1.0
01FB001,1.0,1.0,1.0
01FB003,1.0,1.0,1.0
01FB005,0.0,0.0,0.0
01FB006,1.0,0.047227926078028726,0.0
01FC001,0.0,0.0,0.0
01FD001,0.0,0.0,0.0
01FF001,0.0,0.2290668491900525,1.0
01FG001,0.0,0.06228610540725532,1.0
01FJ002,1.0,1.0,0.9377138945927447
01FJ006,0.27948893451973533,0.0,0.0
02AA001,1.0,0.43759981747661414,0.0
02AA002,0.0,0.0,0.0
02AB008,1.0,1.0,0.9374857403604837
02AB014,1.0,0.33333333333333337,0.9265343372119553
02AB017,1.0,0.9958932238193019,0.9377138945927447
02AB019,0.7433264887063655,0.998631074606434,0.9769564225416382
02AB021,0.4788957335158567,0.9744467259867671,0.9044033766826375
02AB022,0.0,0.28861510381017563,0.8966461327857632
02AB023,0.0,0.0,0.7207392197125257
02AB024,0.0,0.0,0.8745151722564454
02AC001,1.0,0.8487337440109514,0.9096509240246407
02AC002,1.0,0.9621263974446725,0.9377138945927447
02AD010,1.0,0.9749030344512891,0.999771845767739
02AE001,1.0,0.06502395619438739,0.9374857403604837
02BA002,1.0,0.004106776180698102,0.0
02BA003,1.0,1.0,0.9372575861282226
02BA005,0.47022587268993843,1.0,0.9368012776637007
02BA006,0.0,0.2947752680812229,0.999771845767739
02BB002,0.6876568560346794,0.0,0.0
02BB003,1.0,1.0,0.999771845767739
02BC005,0.06228610540725532,0.9386265115217888,0.0
02BC006,0.0,0.0,0.9039470682181154
02BF001,1.0,1.0,0.9377138945927447
02BF002,1.0,1.0,0.9377138945927447
02BF003,0.0,0.0,0.0
02BF004,1.0,1.0,0.9377138945927447
02BF005,1.0,1.0,0.8544375998174766
02BF006,1.0,1.0,0.8544375998174766
02BF007,1.0,1.0,0.8544375998174766
02BF008,1.0,1.0,0.8544375998174766
02BF009,1.0,1.0,0.8523842117271275
02CA002,1.0,1.0,0.9263061829796942
02CB003,1.0,1.0,0.9377138945927447
02CD006,1.0,1.0,0.9377138945927447
02CD007,0.5336527492584988,0.0,0.0
02CE007,0.0,0.031028975587497176,0.9377138945927447
02CE103,0.0,0.0,0.0
02CF007,1.0,1.0,0.9377138945927447
02CF008,0.9395391284508328,1.0,0.9377138945927447
02CF011,1.0,0.09422769792379648,0.9374857403604837
02CF012,1.0,1.0,1.0
02CF100,0.0,0.0,0.0
02CG003,0.7713894592744696,0.3997262149212868,0.9790098106319872
02DC012,0.728952772073922,1.0,1.0
02DC013,0.0,0.0,0.81222906684919
02DD012,0.9098790782569016,0.0,0.7499429614419347
02DD013,1.0,1.0,0.8818161076887976
02DD014,1.0,1.0,0.9377138945927447
02DD015,1.0,1.0,0.9377138945927447
02EA005,1.0,1.0,1.0
02EA010,1.0,1.0,0.9377138945927447
02EA013,0.39265343372119554,0.0,0.0
02EA018,0.0,0.33013917408167925,0.9377138945927447
02EA021,0.0,0.0,0.8507871321013005
02EB014,1.0,1.0,1.0
02EB103,0.0,0.0,0.0
02EB104,0.0,0.0,0.0
02EC002,1.0,1.0,1.0
02EC009,1.0,1.0,1.0
02EC010,0.917636322153776,0.6666666666666667,1.0
02EC011,0.9073693817020305,0.010495094684006334,1.0
02EC018,0.6265115217887292,1.0,1.0
02EC019,0.0,0.06228610540725532,1.0
02EC020,0.0,0.04175222450376459,1.0
02EC021,0.0,0.04175222450376459,1.0
02ED003,1.0,1.0,1.0
02ED007,1.0,1.0,0.999087383070956
02ED013,0.6456764772986539,1.0,1.0
02ED014,0.8270590919461556,1.0,0.8544375998174766
02ED015,0.5272644307551906,1.0,1.0
02ED016,0.5028519279032626,0.0,0.0
02ED017,0.5229295003422314,1.0,1.0
02ED018,0.5233858088067533,0.3187314624686288,0.0
02ED019,0.5263518138261465,0.39676020990189365,0.0
02ED024,0.5133470225872689,1.0,1.0
02ED025,0.24868811316449924,0.0,0.0
02ED026,0.4170659365731234,1.0,0.9922427561031257
02ED028,0.0,0.4065708418891171,0.0
02ED029,0.0,0.5624001825233857,0.9094227697923797
02ED030,0.0,0.06228610540725532,1.0
02ED031,0.0,0.04175222450376459,0.8770248688113165
02ED032,0.0,0.04175222450376459,1.0
02ED101,0.0,0.81222906684919,0.9853981291352955
02ED102,0.3472507415012549,0.8076659822039699,0.9856262833675564
02FA002,1.0,1.0,1.0
02FA004,0.6370066164727355,0.37508555783709785,1.0
02FB007,1.0,1.0,1.0
02FB010,1.0,1.0,1.0
02FB012,0.0,0.04175222450376459,1.0
02FB013,0.0,0.04175222450376459,0.9949806068902578
02FB014,0.0,0.04175222450376459,1.0
02FC011,1.0,0.3639060004563085,1.0
02FC016,1.0,0.41660962810860136,0.999771845767739
02FC017,0.7335158567191422,0.04175222450376459,1.0
02FC020,0.0,0.04175222450376459,1.0
02FC021,0.0,0.04175222450376459,1.0
02FD001,0.9833447410449464,0.3429158110882957,0.9543691535477983
02FD002,1.0,0.2840520191649555,1.0
02FD003,0.0,0.32511978097193706,1.0
02FE008,1.0,0.41683778234086244,1.0
02FE009,1.0,1.0,1.0
02FE010,0.0,0.3429158110882957,1.0
02FE014,0.8199863107460643,0.3937942048825006,1.0
02FE016,0.0,0.06228610540725532,1.0
02FE017,0.0,0.04175222450376459,1.0
02FF003,0.0,0.0,0.0
02FF004,1.0,1.0,1.0
02FF005,0.0,0.0,0.0
02FF006,0.0,0.0,0.0
02FF007,1.0,1.0,1.0
02FF008,1.0,1.0,0.9892767510837326
02FF013,0.0,0.04175222450376459,0.999087383070956
02FF014,0.0,0.06228610540725532,0.9285877253023044
02FF015,0.0,0.06228610540725532,1.0
02GA005,0.0,0.04175222450376459,0.8856947296372347
02GA010,0.9792379648642482,1.0,1.0
02GA017,0.0,0.0,0.0
02GA018,0.8400638831850331,1.0,1.0
02GA032,0.18777093315080995,0.0,0.0
02GA035,0.18777093315080995,0.0,0.0
02GA036,0.18777093315080995,0.0,0.0
02GA037,0.8012776637006617,0.0,0.0
02GA042,0.1524070271503536,0.41090577230207626,0.38672142368240936
02GA043,0.11841204654346338,1.0,1.0
02GA044,0.0,0.4020077572438969,0.5902349988592288
02GA045,0.0,0.40679899612137804,0.5904631530914899
02GA046,0.0,0.4006388318503308,0.5902349988592288
02GA047,0.0,0.3347022587268994,1.0
02GA048,0.0,0.02988820442619211,1.0
02GB007,1.0,1.0,0.7709331508099475
02GB011,0.0,0.0,0.0
02GC002,1.0,1.0,1.0
02GC009,0.0,0.0,0.0
02GC010,1.0,0.6666666666666667,1.0
02GC011,0.0,0.04699977184576776,1.0
02GC018,1.0,1.0,0.9899612137805156
02GC021,0.8975587497148072,0.04175222450376459,0.7900981063198722
02GC029,0.7428701802418435,1.0,1.0
02GC030,0.6456764772986539,0.6484143280857859,1.0
02GC031,0.5644535706137349,1.0,1.0
02GC032,0.4994296144193475,0.0,0.0
02GC033,0.4996577686516085,0.0,0.0
02GC034,0.3812457221081451,0.36778462240474563,0.0
02GC036,0.0,0.0,0.8957335158567191
02GC037,0.0,0.0,0.25507643166780747
02GC038,0.0,0.0,0.20853296828656176
02GD004,1.0,1.0,1.0
02GD006,0.0,0.0,0.0
02GD009,0.7170887519963496,0.02509696554871088,1.0
02GD010,1.0,0.07209673739447864,1.0
02GD013,0.7198266027834817,0.0,0.0
02GD019,1.0,0.3538672142368241,1.0
02GD021,1.0,1.0,1.0
02GD022,0.5562400182523386,0.0,0.12502851927903258
02GD023,0.6075747205110655,0.3748574036048369,0.0
02GD024,0.32922655715263516,0.0,0.0
02GD025,0.3189596167008898,0.0,0.0
02GD027,0.0,0.33515856719142145,1.0
02GD028,0.0,0.3315080994752453,0.9790098106319872
02GE005,0.9249372575861282,0.7962582705909195,1.0
02GE007,1.0,0.39607574720511063,0.8583162217659137
02GE008,0.0,0.32854209445585214,1.0
02GF001,0.0,0.0,0.0
02GG002,1.0,1.0,1.0
02GG003,0.8957335158567191,1.0,1.0
02GG004,0.1323294547113849,0.0,0.0
02GG005,0.8083504449007529,0.37508555783709785,1.0
02GG006,1.0,1.0,1.0
02GG007,0.1323294547113849,0.0,0.0
02GG009,1.0,1.0,1.0
02GG013,0.0,0.04175222450376459,0.9929272187999088
02GG014,0.0,0.0,0.3438284280173397
02GH001,0.808122290668492,0.0,0.0
02GH003,1.0,1.0,1.0
02GH004,1.0,1.0,0.43326488706365507
02GH011,0.812457221081451,0.8334474104494638,0.8402920374172941
02GH013,0.407027150353639,0.0,0.0
02GH014,0.45585215605749485,0.0,0.0
02GH015,0.0,0.0,0.5206479580196213
02GH016,0.0,0.0,0.12548482774355463
02HA006,1.0,1.0,0.9828884325804244
02HA014,0.9123887748117727,0.7417294090805384,0.7029431895961671
02HA015,0.3924252794889346,0.0,0.0
02HA016,0.3924252794889346,0.0,0.0
02HA020,0.6456764772986539,0.9507186858316222,0.9228838694957792
02HA022,0.45106091718001373,0.7916951859456993,0.2915811088295688
02HA023,0.45106091718001373,0.6906228610540726,0.0
02HA027,0.3123431439653206,0.04426192105863569,0.0
02HA030,0.0,0.04175222450376459,1.0
02HA031,0.0,0.04175222450376459,0.999771845767739
02HA032,0.0,0.0,0.2290668491900525
02HB004,1.0,1.0,1.0
02HB012,1.0,1.0,0.9831165868126853
02HB021,0.6513803331051791,0.6251425963951631,1.0
02HB022,0.433721195528177,1.0,1.0
02HB023,0.6360939995436916,0.8961898243212412,0.9949806068902578
02HB027,0.0,0.3682409308692677,1.0
02HB028,0.0,0.04175222450376459,0.8610540725530459
02HB029,0.0,0.04175222450376459,1.0
02HB030,0.0,0.04175222450376459,0.5642254163814739
02HB031,0.0,0.04175222450376459,0.9167237052247319
02HC007,0.0,0.0,0.0
02HC009,1.0,1.0,1.0
02HC011,0.0,0.0,0.0
02HC013,0.9922427561031257,0.38672142368240936,0.9377138945927447
02HC018,1.0,1.0,1.0
02HC019,1.0,1.0,0.6372347707049966
02HC025,1.0,0.7481177275838466,0.9388546657540497
02HC028,1.0,1.0,0.9377138945927447
02HC030,1.0,1.0,1.0
02HC031,1.0,1.0,1.0
02HC033,0.9279032626055214,1.0,0.917864476386037
02HC036,0.0,0.0,0.0
02HC037,0.0,0.0,0.0
02HC038,0.4980606890257814,0.04175222450376459,0.9377138945927447
02HC040,0.0,0.0,0.0
02HC043,0.0,0.0,0.0
02HC044,0.0,0.0,0.0
02HC045,0.0,0.0,0.0
02HC046,0.0,0.0,0.0
02HC047,1.0,0.35409536846908507,1.0
02HC049,0.4446725986767055,1.0,0.9377138945927447
02HC051,0.0,0.33675564681724846,1.0
02HC053,0.0,0.3180469997718458,1.0
02HC054,0.0,0.3390371891398586,1.0
02HC055,0.0,0.3166780743782798,1.0
02HC056,0.0,0.04175222450376459,1.0
02HC058,0.0,0.04152407027150351,0.9377138945927447
02HC106,0.0,0.0,0.0
02HC114,0.0,0.0,0.0
02HD001,0.0,0.0,0.0
02HD002,0.0,0.0,0.0
02HD006,0.9865389002966005,0.05087839379420489,0.8663016198950491
02HD008,1.0,1.0,0.999771845767739
02HD009,1.0,0.6668948208989276,0.9377138945927447
02HD012,1.0,1.0,1.0
02HD013,0.9347478895733516,1.0,0.5211042664841432
02HD018,0.0,0.35090120921743095,1.0
02HD019,0.0,0.26283367556468173,1.0
02HD020,0.0,0.04175222450376459,1.0
02HD021,0.0,0.04175222450376459,0.9370294318959617
02HD022,0.0,0.04175222450376459,0.999771845767739
02HD023,0.0,0.04175222450376459,1.0
02HD024,0.0,0.0,0.14807209673739452
02HE001,0.8010495094684007,0.0,0.0
02HE003,0.0,0.0,0.0
02HE004,0.0,0.04677161761350668,0.9308692676249144
02HF004,0.81222906684919,0.0,0.0
02HG001,1.0,0.9377138945927447,0.0
02HG003,0.0,0.04175222450376459,0.7081907369381701
02HH003,0.0,0.1957563312799453,0.9377138945927447
02HJ001,1.0,1.0,0.9988592288386949
02HJ005,0.0,0.270590919461556,0.9831165868126853
02HJ006,0.0,0.04175222450376459,1.0
02HJ007,0.0,0.04175222450376459,1.0
02HK007,1.0,1.0,1.0
02HK008,0.9345197353410906,0.5482546201232033,1.0
02HK015,0.0,0.04175222450376459,1.0
02HK016,0.0,0.04175222450376459,1.0
02HK017,0.0,0.04175222450376459,0.9655487109285877
02HL003,1.0,1.0,1.0
02HL004,1.0,1.0,1.0
02HL005,1.0,1.0,1.0
02HL006,0.6281086014145563,0.0,0.0
02HL008,0.0,0.04175222450376459,1.0
02HL102,0.0,0.0,0.0
02HL103,0.0,0.0,0.0
02HM004,1.0,1.0,0.9952087611225188
02HM005,1.0,1.0,1.0
02HM009,0.28952772073921973,0.38101756787588414,1.0
02HM011,0.0,0.06228610540725532,0.9963495322838238
02JB003,0.0,0.0,0.0
02JB004,0.0,0.0,0.0
02JB013,0.999315537303217,0.9926990645676478,0.5879534565366187
02JC008,1.0,1.0,0.9372575861282226
02JC009,0.0,0.0,0.0
02JE014,0.0,0.0,0.0
02JE027,0.0,0.06228610540725532,0.9377138945927447
02KA003,0.9566506958704084,0.03696098562628336,0.0
02KA005,0.40999315537303216,0.0,0.0
02KA009,0.37759525439196895,0.0,0.0
02KA015,0.0,0.0,0.7499429614419347
02KC014,0.19780971937029435,0.0,0.0
02KC018,0.0,0.0,0.8462240474560803
02KD002,0.9128450832762948,0.013232945471138513,1.0
02KF011,1.0,0.9365731234314396,1.0
02KF015,0.433721195528177,0.10449463837554185,1.0
02KF016,0.5491672370522473,1.0,1.0
02KF017,0.08441706593657317,0.565822496007301,1.0
02LA007,1.0,1.0,1.0
02LA008,0.0,0.0,0.0
02LA013,0.07118412046543465,0.0,0.0
02LB006,1.0,0.9755874971480721,0.8343600273785079
02LB007,1.0,0.999087383070956,0.894592744695414
02LB008,1.0,0.8882044261921058,0.9634953228382387
02LB018,0.31918777093315076,0.21788729180926303,0.2347707049965777
02LB020,1.0,0.5001140771161305,1.0
02LB022,1.0,0.5001140771161305,1.0
02LB032,0.0,0.12046543463381243,0.8943645904631531
02LC020,0.0,0.0,0.0
02LC025,0.18640200775724391,0.0,0.0
02LC043,1.0,0.9769564225416382,0.4163814738763404
02LD001,0.0,0.0,0.0
02LD002,0.0,0.0,0.0
02LD005,1.0,1.0,0.5608031028975587
02LG005,0.9920146018708647,0.9963495322838238,0.5881816107688798
02LH004,1.0,0.5833903718913986,0.0
02LH012,0.0,0.0,0.0
02LH013,0.0,0.0,0.0
02LH032,0.0,0.1556011864020077,0.5881816107688798
02MA001,0.0,0.01825233858088071,0.7524526579968058
02MB006,0.8986995208761123,0.3538672142368241,0.9644079397672827
02MB010,0.22997946611909648,0.568560346794433,0.9988592288386949
02MC001,1.0,1.0,1.0
02MC024,1.0,0.02099018936801278,0.0
02MC025,0.0,0.0,0.0
02MC026,0.9208304814054301,1.0,0.9377138945927447
02MC027,0.10426648414328088,0.031485284052019114,1.0
02MC028,0.7800593201003878,0.3538672142368241,0.9655487109285877
02MC030,0.06935888660734657,0.07529089664613275,0.18548939082819982
02MC036,0.0,0.3048140543007073,1.0
02NE007,0.0,0.0,0.0
02NE011,1.0,0.6059776408852384,0.5881816107688798
02NF003,1.0,0.999543691535478,0.5881816107688798
02NF004,0.0,0.0,0.0
02OA025,0.48642482318047,0.0,0.0
02OA030,0.6078028747433265,0.0,0.0
02OA055,0.4663472507415013,0.0,0.0
02OA056,0.0,0.0,0.0
02OA057,0.9815195071868583,0.9840292037417294,0.5881816107688798
02OA059,0.0,0.0,0.0
02OA062,0.0,0.0,0.0
02OA078,0.0,0.0,0.0
02OA085,0.0,0.0,0.0
02OA090,0.0,0.0,0.0
02OB033,0.17385352498288842,0.4980606890257814,0.0
02OB037,1.0,1.0,0.5881816107688798
02OC019,0.2105863563769108,0.2365959388546658,0.0
02OD003,1.0,0.8206707734428473,0.0
02OD011,0.15970796258270592,0.0,0.0
02OD013,0.0,0.0,0.0
02OD018,0.0,0.0,0.0
02OE013,0.0,0.0,0.0
02OE018,0.9949806068902578,0.02099018936801278,0.0
02OE027,1.0,1.0,0.568560346794433
02OE035,0.0,0.0,0.0
02OE036,0.0,0.0,0.0
02OE050,0.0,0.0,0.0
02OF021,0.0,0.0,0.0
02OG017,0.0,0.0,0.0
02OG018,0.0,0.0,0.0
02OG026,1.0,0.9208304814054301,0.5612594113620808
02OG030,0.0,0.0,0.0
02OG036,0.0,0.0,0.0
02OG037,0.1391740816792152,0.0,0.0
02OG046,0.1457905544147844,0.25256673511293637,0.0
02OH008,1.0,0.9972621492128679,0.163130276066621
02OH011,0.0,0.24458133698380102,0.0
02OJ001,0.0,0.0,0.0
02OJ007,1.0,1.0,0.9988592288386949
02OJ023,0.0,0.0,0.0
02OJ024,1.0,0.9988592288386949,0.5717545060460871
02PA006,0.05384439881359804,0.0,0.0
02PA007,1.0,1.0,0.5831622176591376
02PB004,0.0,0.0,0.0
02PB005,0.0,0.0,0.0
02PB007,0.0,0.0,0.0
02PB033,0.0,0.0,0.0
02PC009,0.9977184576773899,0.49988592288386946,0.0
02PC015,0.16678074378279717,0.0,0.0
02PC017,0.0,0.32010038786219486,0.5877253023043578
02PC018,0.5007985398129136,0.9012092174309834,0.405658224960073
02PD002,1.0,0.999315537303217,0.5881816107688798
02PD012,1.0,0.8797627195984485,0.568788501026694
02PD013,1.0,0.8948208989276751,0.5829340634268766
02PD014,0.9924709103353867,0.7225644535706137,0.432808578599133
02PD015,0.9879078256901666,0.6853753137120693,0.2765229295003422
02PE014,0.9609856262833676,0.9587040839607575,0.5523613963039015
02PE015,0.0,0.0,0.0
02PG004,0.0,0.0,0.0
02PG006,1.0,0.999315537303217,0.5881816107688798
02PG019,0.0,0.0,0.0
02PG022,1.0,0.9835728952772074,0.5854437599817477
02PJ007,1.0,0.8304814054300708,0.0
02PJ027,0.12548482774355463,0.0,0.0
02PJ028,0.0,0.0,0.0
02PJ029,0.0,0.0,0.0
02PJ030,0.919233401779603,0.999771845767739,0.5881816107688798
02PJ033,0.0,0.0,0.0
02PJ034,0.21195528177047684,0.9295003422313484,0.5366187542778919
02PJ036,0.0,0.0,0.0
02PJ037,0.0,0.0,0.0
02PJ039,0.0,0.0,0.0
02PJ040,0.0,0.0,0.0
02PK005,0.8868355007985398,0.5833903718913986,0.0
02PK007,0.0,0.0,0.0
02PK009,0.0,0.0,0.564909879078257
02PL001,0.0,0.0,0.0
02PL005,1.0,0.9869952087611226,0.5879534565366187
02PL007,0.9007529089664613,0.5318275154004106,0.0
02PL009,0.8498745151722564,0.7718457677389916,0.0
02PL011,0.0,0.0,0.0
02PL012,0.5377595254391969,0.06753365274925849,0.0
02PL015,0.0,0.015742642026009612,0.082363677846224
02PL016,0.0,0.3812457221081451,0.0
02QA002,1.0,0.9822039698836413,0.5881816107688798
02QA017,1.0,0.3874058863791924,0.0
02QA026,0.0,0.0,0.0
02QA036,0.0,0.4255076431667807,0.4905315993611682
02QB011,1.0,0.15605749486652976,0.0
02QC001,0.9970339949806069,0.1558293406342688,0.0
02QC003,0.0,0.0,0.0
02QC004,0.0,0.0,0.0
02QC007,0.0,0.0,0.0
02QC008,0.0,0.0,0.0
02QC009,1.0,0.999315537303217,0.5256673511293635
02QC017,0.4020077572438969,0.07392197125256672,0.0
02RC011,1.0,0.999087383070956,0.5881816107688798
02RD002,1.0,0.5833903718913986,0.0
02RD003,1.0,0.9977184576773899,0.5614875655943418
02RD007,0.0,0.2630618297969427,0.5881816107688798
02RE001,0.0,0.0,0.0
02RE002,0.0,0.0,0.0
02RF001,1.0,1.0,0.5881816107688798
02RF002,1.0,0.9646360939995436,0.0666210358202145
02RF006,0.9034907597535934,0.0,0.0
02RG005,1.0,0.999771845767739,0.5881816107688798
02RG012,0.0,0.0,0.0
02RG018,0.0,0.0,0.0
02RH027,0.86652977412731,0.999771845767739,0.618982432124116
02RH034,0.0,0.0,0.0
02RH035,1.0,0.999771845767739,0.5881816107688798
02RH045,1.0,0.9977184576773899,0.5881816107688798
02RH046,0.0,0.0,0.0
02RH047,0.9167237052247319,0.5176819530002281,0.0
02RH048,1.0,0.1040383299110198,0.0
02RH049,1.0,0.41341546885694724,0.0
02RH056,0.0,0.0,0.0
02RH066,0.0,0.8040155144877937,0.5881816107688798
02RH067,0.0,0.6618754277891855,0.5881816107688798
02RH068,0.0,0.18024184348619665,0.0
02RH073,0.0,0.6634725074150125,0.5881816107688798
02SC003,0.8227241615331964,0.0,0.0
02SC004,0.6367784622404746,0.0,0.0
02UC002,1.0,0.9256217202829112,0.5881816107688798
02UC003,0.0,0.0,0.0
02UC004,0.0,0.0,0.0
02UC005,0.3171343828428017,0.0,0.0
02UC006,0.25507643166780747,0.0,0.0
02VA001,0.3013917408167921,0.0,0.0
02VA003,0.7184576773899156,0.0,0.0
02VB001,0.0,0.0,0.0
02VB003,0.0,0.0,0.0
02VB004,1.0,0.7136664385124344,0.0
02VC001,1.0,0.999771845767739,0.5528177047684235
02VC002,0.0,0.0,0.0
02WA001,0.4827743554642938,0.0,0.0
02WA002,0.0,0.0,0.0
02WA003,0.0,0.0,0.0
02WB001,0.0,0.0,0.0
02WB002,0.05840748345881819,0.0,0.0
02WB003,1.0,1.0,0.5881816107688798
02WC001,0.9037189139858545,0.0,0.0
02WC002,0.4843714350901209,0.0,0.0
02WD001,0.9130732375085557,0.0,0.0
02XA003,0.9803787360255533,1.0,1.0
02XA004,0.9974903034451289,0.12502851927903258,0.0
02XA006,0.0,0.0,0.0
02XA007,0.9032626055213324,0.0,0.0
02XB001,0.0,0.0,0.0
02XB002,0.9002966005019393,0.0,0.0
02XC001,0.9956650695870408,0.7784622404745608,0.5881816107688798
02XD001,0.48345881816107694,0.0,0.0
02XD002,0.37417294090805386,0.029431895961670063,0.0
02YA001,1.0,0.18777093315080995,0.0
02YA002,0.728952772073922,1.0,0.9372575861282226
02YC001,1.0,1.0,0.9377138945927447
02YD001,0.0,0.0,0.0
02YD002,1.0,1.0,0.9377138945927447
02YE001,0.8957335158567191,1.0,1.0
02YG001,0.728952772073922,1.0,0.9377138945927447
02YH001,0.7964864248231804,0.298197581565138,0.0
02YJ001,1.0,1.0,0.9377138945927447
02YK002,1.0,1.0,0.9377138945927447
02YK003,0.0,0.0,0.0
02YK004,0.0,0.0,0.0
02YK005,1.0,1.0,0.9377138945927447
02YK008,0.7992242756103125,1.0,0.9377138945927447
02YL001,1.0,1.0,0.9377138945927447
02YL004,0.9790098106319872,1.0,0.9377138945927447
02YL005,0.81222906684919,1.0,0.9377138945927447
02YL008,0.5624001825233857,1.0,0.9377138945927447
02YL010,0.0,0.2048825005703856,0.0
02YL011,0.0,0.9790098106319872,0.9377138945927447
02YL012,0.0,0.0,0.25005703855806527
02YM001,1.0,0.12936344969199176,0.0
02YM003,1.0,1.0,0.9377138945927447
02YM004,0.3956194387405887,1.0,0.9377138945927447
02YN002,1.0,1.0,0.9377138945927447
02YN003,0.5624001825233857,0.18777093315080995,0.0
02YN004,0.0,0.5078713210130048,1.0
02YO002,0.0,0.0,0.0
02YO006,1.0,1.0,1.0
02YO008,0.8957335158567191,1.0,1.0
02YO009,0.3171343828428017,0.0,0.0
02YO012,0.4788957335158567,1.0,1.0
02YO014,0.0,0.06228610540725532,0.9377138945927447
02YO015,0.0,0.0,0.9167237052247319
02YQ001,1.0,1.0,1.0
02YQ004,0.9790098106319872,0.3045859000684463,0.0
02YQ005,0.6456764772986539,1.0,1.0
02YR001,1.0,1.0,1.0
02YR002,1.0,0.2313483915126625,0.0
02YR003,1.0,1.0,1.0
02YR004,0.0,0.36185261236595934,0.9377138945927447
02YS001,0.18777093315080995,0.0,0.0
02YS002,0.0,0.0,0.0
02YS003,1.0,1.0,0.9377138945927447
02YS005,0.81222906684919,1.0,1.0
02YS006,0.0,0.9790098106319872,0.9377138945927447
02ZA001,1.0,0.22610084417065934,0.0
02ZA002,1.0,1.0,0.8544375998174766
02ZB001,1.0,1.0,0.9377138945927447
02ZC001,0.0,0.0,0.0
02ZC002,1.0,1.0,0.9377138945927447
02ZD001,0.0,0.0,0.0
02ZD002,0.9660050193931098,1.0,0.9377138945927447
02ZE001,0.0,0.0,0.0
02ZE004,0.45585215605749485,1.0,1.0
02ZE005,0.0,0.0,0.6516084873374401
02ZF001,1.0,1.0,1.0
02ZG001,1.0,1.0,0.9377138945927447
02ZG003,1.0,1.0,0.9283595710700434
02ZG004,1.0,1.0,0.9377138945927447
02ZG005,0.6456764772986539,0.13187314624686286,0.0
02ZH001,1.0,1.0,0.9377138945927447
02ZH002,1.0,1.0,0.9377138945927447
02ZJ001,1.0,1.0,1.0
02ZJ002,0.9790098106319872,1.0,1.0
02ZJ003,0.728952772073922,1.0,1.0
02ZK001,1.0,1.0,0.9377138945927447
02ZK002,1.0,1.0,0.9374857403604837
02ZK003,0.9790098106319872,1.0,0.9580196212639744
02ZK004,0.9790098106319872,1.0,0.9377138945927447
02ZK006,0.0,0.0,0.9774127310061602
02ZK008,0.0,0.0,0.6456764772986539
02ZL003,1.0,0.2281542322610084,0.0
02ZL004,0.9790098106319872,1.0,1.0
02ZL005,0.81222906684919,1.0,1.0
02ZM006,1.0,1.0,0.9377138945927447
02ZM008,1.0,1.0,0.9377138945927447
02ZM009,1.0,1.0,0.9377138945927447
02ZM010,1.0,0.13552361396303902,0.0
02ZM011,0.18777093315080995,0.0,0.0
02ZM016,0.9790098106319872,1.0,0.9377138945927447
02ZM017,0.9790098106319872,0.3096052931781884,0.0
02ZM018,0.8957335158567191,1.0,1.0
02ZM019,0.7987679671457906,0.3121149897330595,0.0
02ZM020,0.7987679671457906,1.0,0.9377138945927447
02ZM021,0.728952772073922,0.29682865617157195,0.0
02ZM023,0.0,0.0,0.3039014373716632
02ZM024,0.0,0.0,0.30253251197809716
02ZN002,0.81222906684919,1.0,0.9377138945927447
03AA002,0.0,0.0,0.0
03AB001,0.0,0.0,0.0
03AB002,0.9913301391740816,0.8852384211727128,0.3979009810631987
03AC001,0.0,0.0,0.0
03AC004,0.9867670545288615,0.8991558293406343,0.5642254163814739
03AC005,0.0,0.0,0.0
03AD001,0.0,0.0,0.0
03BB001,0.0,0.0,0.0
03BB002,0.9137577002053388,0.0,0.0
03BC002,0.9863107460643394,0.5512206251425964,0.0
03BD001,0.0,0.0,0.0
03BD002,0.9974903034451289,0.810860141455624,0.0
03BE001,0.0,0.0,0.0
03CA001,0.06684919005247547,0.0,0.0
03CB001,0.0,0.0,0.0
03CB004,0.9988592288386949,0.5176819530002281,0.0
03CC001,0.0,0.0,0.0
03CD001,0.0,0.0,0.0
03CD002,0.0,0.0,0.0
03CE001,0.0,0.0,0.0
03DB002,0.0,0.0,0.0
03DB003,0.0,0.0,0.0
03DB004,0.6440793976728268,0.0,0.0
03DC001,0.0,0.0,0.0
03DD001,0.0,0.0,0.0
03DD002,0.8343600273785079,0.0,0.0
03DD004,0.0,0.0,0.0
03DF001,0.0,0.0,0.0
03EA001,0.059320100387862174,0.0,0.0
03EA002,0.0,0.0,0.0
03ED001,0.9607574720511065,0.7978553502167465,0.4405658224960073
03ED002,0.0,0.0,0.0
03EE001,0.0,0.0,0.0
03EE003,0.0,0.0,0.0
03FA004,0.0,0.0,0.0
03GC001,0.0,0.0,0.0
03HA001,0.0,0.0,0.0
03HA009,0.0,0.0,0.0
03HA012,0.0,0.0,0.0
03JA001,0.0,0.0,0.0
03JB001,0.0,0.0,0.0
03JB004,0.0,0.0,0.0
03KA001,0.0,0.0,0.0
03KC002,0.0,0.0,0.0
03KC004,0.022130960529317845,0.0,0.3089208304814054
03LA001,0.0,0.0,0.0
03LD004,0.9000684462696783,0.0,0.0
03LD006,0.0,0.0,0.0
03MB002,0.9904175222450377,0.38010495094684005,0.4371435090120922
03MC001,0.0,0.0,0.0
03MD002,0.4503764544832307,0.0,0.0
03ME002,0.0,0.0,0.0
03NE001,0.0,0.6913073237508556,0.9552817704768424
03NE002,0.0,0.6913073237508556,0.9552817704768424
03NE004,0.0,0.19826602783481628,0.0
03NE005,0.0,0.19826602783481628,0.0
03NE006,0.0,0.11727127538215831,0.0
03NE007,0.0,0.0,0.0
03NE009,0.0,0.1190965092402464,0.0
03NE010,0.0,0.11955281770476844,0.0
03NE011,0.0,0.26785306867442393,0.9552817704768424
03NE012,0.0,0.26762491444216285,0.9552817704768424
03NE013,0.0,0.0,0.1989504905315994
03NF001,0.8386949577914671,0.999771845767739,0.9552817704768424
03NG001,0.9942961441934748,0.12502851927903258,0.0
03OA003,0.007529089664613298,0.0,0.0
03OA004,0.06981519507186862,0.0,0.0
03OA005,0.0,0.0,0.8352726443075519
03OA010,0.0,0.1665525895505362,0.7453798767967146
03OA012,0.0,0.1665525895505362,0.8697239333789641
03OA015,0.0,0.0,0.3878621948437143
03OB003,0.0,0.0,0.0
03OB004,0.0,0.0,0.4428473648186174
03OB006,0.0,0.0,0.30937713894592744
03OB007,0.0,0.0,0.49235683321925616
03OC003,0.04198037873602556,0.6662103582021446,0.9778690394706822
03OC004,0.03741729409080541,0.1873146246862879,0.0
03OD007,0.0,0.6276522929500342,0.5801962126397444
03OE002,0.0,0.0,0.0
03OE003,0.9641797855350217,0.8195300022815424,0.6678074378279717
03OE010,0.06068902578142821,0.999771845767739,0.973990417522245
03OE011,0.0,0.6662103582021446,1.0
03PB002,0.9942961441934748,0.8186173853524983,0.4752452657996806
03QC001,0.999771845767739,1.0,1.0
03QC002,1.0,1.0,0.999771845767739
03QC003,0.0,0.0,0.33173625370750626
03QC004,0.0,0.0,0.2655715263518138
04AA001,0.0,0.0,0.0
04AA004,0.9267624914442163,0.8838694957791466,0.917864476386037
04AB001,0.8820442619210587,0.8309377138945928,0.7478895733515857
04AC005,0.9023499885922884,0.0,0.0
04AD002,0.9117043121149897,0.7243896874287018,0.5943417750399269
04CA002,0.0,0.0,0.27173169062286107
04CC001,1.0,0.02099018936801278,0.0
04CD001,0.0,0.0,0.0
04CD002,0.1124800365046772,0.0,0.0
04CE002,0.7232489162673967,0.0,0.0
04DA001,0.9374857403604837,0.999315537303217,0.8526123659593885
04DA002,0.0,0.0,0.16678074378279717
04DB001,0.0,0.0,0.0
04DB002,0.0,0.0,0.0
04DC001,0.9393109742185718,0.6872005475701575,0.917864476386037
04DC002,0.0,0.3155373032169747,0.6974674880219027
04EA001,0.5630846452201688,0.021218343600273748,0.5090120921743098
04FA001,0.9520876112251883,0.02099018936801278,0.8980150581793293
04FA002,0.8811316449920146,0.0,0.4503764544832307
04FB001,0.9532283823864933,0.02099018936801278,0.4996577686516085
04FC001,0.9534565366187543,0.6872005475701575,0.9377138945927447
04GA002,1.0,0.8142824549395391,0.9235683321925622
04GB004,1.0,0.9025781428245494,1.0
04GB005,1.0,0.02099018936801278,0.8334474104494638
04GF001,0.0,0.0,0.0
04JA002,0.3972165183664157,0.0,0.0
04JC002,1.0,0.997946611909651,0.9883641341546886
04JC003,0.40520191649555104,0.0,0.0
04JD005,1.0,1.0,0.9377138945927447
04JF001,1.0,0.04152407027150351,0.8334474104494638
04KA001,1.0,0.9977184576773899,0.9374857403604837
04LA003,0.0,0.12502851927903258,0.9377138945927447
04LA006,0.0,0.0,0.6443075519050878
04LB002,0.0,0.0,0.7499429614419347
04LE002,0.0,0.031485284052019114,0.7036276522929501
04LJ001,1.0,1.0,0.9377138945927447
04LK001,0.6417978553502168,0.06228610540725532,0.8943645904631531
04LM001,1.0,1.0,0.9377138945927447
04MD004,1.0,0.005475701574264247,0.8332192562172028
04MF001,1.0,1.0,0.9377138945927447
04NB001,0.9279032626055214,0.45927446954141005,0.0
05AA006,0.5240702715035364,0.0,0.0
05AA008,1.0,1.0,1.0
05AA011,0.23842117271275387,0.04882500570385584,0.566963267168606
05AA013,0.1832078485055898,0.0,0.0
05AA022,1.0,1.0,0.9167237052247319
05AA023,1.0,1.0,0.18777093315080995
05AA026,0.5302304357745836,0.052247319187770924,0.0
05AA027,0.6093999543691535,0.594569929272188,0.4964636093999544
05AA028,0.6906228610540726,0.6814966917636323,0.6735112936344969
05AA033,0.0,0.10472279260780293,0.6244581336983801
05AA034,0.0,0.10472279260780293,0.5667351129363449
05AA035,0.0,0.0,0.5831622176591376
05AA909,0.5790554414784395,0.6005019393109743,0.49760438056125944
05AB005,0.6844626967830254,0.6787588409765002,0.6160164271047228
05AB013,0.673054985169975,0.672370522473192,0.6167008898015058
05AB022,0.0,0.0,0.0
05AB029,0.6842345425507643,0.6771617613506731,0.6160164271047228
05AB030,0.20762035135751766,0.0,0.0
05AB040,0.0,0.5744923568332192,0.567191421400867
05AB046,0.0,0.39835728952772076,0.6778462240474561
05AC030,0.7599817476614191,0.756331279945243,0.6253707506274242
05AC034,0.1065480264658909,0.21948437143509014,0.6315309148984714
05AC930,0.0,0.20944558521560575,0.5229295003422314
05AD003,1.0,1.0,0.7709331508099475
05AD016,0.20693588866073465,0.0,0.0
05AD031,0.0,0.0,0.0
05AD033,0.0,0.0,0.0
05AD035,0.6830937713894593,0.6826374629249372,0.6160164271047228
05AD042,0.0,0.10472279260780293,0.672370522473192
05AD903,0.33835272644307557,0.0,0.0
05AD904,0.3061829796942733,0.0,0.0
05AD934,0.0,0.0,0.5617157198266027
05AE005,0.6840063883185032,0.6812685375313712,0.510837326032398
05AE011,0.0,0.0,0.0
05AE039,0.3454255076431668,0.0,0.0
05AE040,0.11932466347250736,0.0,0.0
05AF010,0.7615788272872461,0.7542778918548939,0.3187314624686288
05AH037,0.7645448323066393,0.7542778918548939,0.6897102441250285
05AH041,0.7615788272872461,0.7542778918548939,0.5058179329226558
05AH050,0.5491672370522473,0.7549623545516769,0.6897102441250285
05BA001,0.6954140999315537,0.5065023956194388,0.46406570841889117
05BA006,0.5222450376454484,0.09263061829796948,0.0
05BA008,0.0,0.0,0.0
05BB001,1.0,1.0,0.9167237052247319
05BB003,0.0,0.0,0.0
05BD005,0.5158567191421402,0.09217430983344743,0.0
05BF016,0.7180013689253936,0.5051334702258727,0.27538215833903723
05BF017,0.35432352270134615,0.0,0.0
05BF018,0.35432352270134615,0.0,0.0
05BF019,0.35432352270134615,0.0,0.0
05BF020,0.12708190736938174,0.0,0.0
05BG002,0.6262833675564682,0.0,0.0
05BG006,1.0,1.0,1.0
05BH003,0.24047456080310292,0.0,0.0
05BH013,0.5240702715035364,0.5049053159936117,0.3547798311658681
05BH014,0.0,0.10472279260780293,0.6162445813369838
05BH015,0.0,0.031028975587497176,0.8544375998174766
05BH016,0.0,0.0,0.16176135067305497
05BH901,0.297056810403833,0.0,0.0
05BJ004,1.0,1.0,0.7709331508099475
05BJ005,0.0,0.0,0.0
05BJ006,0.6940451745379876,0.06456764772986534,0.0
05BJ010,0.513118868355008,0.5576089436459046,0.7709331508099475
05BK001,0.6979237964864249,0.675564681724846,0.566506958704084
05BK003,0.20123203285420943,0.0,0.0
05BL012,0.0,0.052247319187770924,0.7709331508099475
05BL013,0.6903947068218115,0.6748802190280629,0.5612594113620808
05BL014,1.0,1.0,0.7615788272872461
05BL019,0.6903947068218115,0.673967602099019,0.5592060232717317
05BL020,0.0,0.0,0.0
05BL022,1.0,1.0,0.7709331508099475
05BL023,0.6906228610540726,0.6732831394022358,0.5596623317362537
05BL027,0.5245265799680584,0.512206251425964,0.4629249372575861
05BM014,0.7643166780743783,0.7540497376226329,0.6253707506274242
05BM018,0.5904631530914899,0.756103125712982,0.5628564909879078
05BN024,0.0974218571754506,0.0,0.0
05CA001,0.0,0.0,0.0
05CA002,0.6842345425507643,0.6785306867442391,0.6151038101756787
05CA003,0.6014145562400183,0.05772302076203517,0.0
05CA004,0.6020990189368013,0.5890942276979239,0.5017111567419575
05CA009,1.0,1.0,0.7709331508099475
05CA011,0.5947980835044491,0.6513803331051791,0.6148756559434178
05CA012,0.567419575633128,0.5550992470910335,0.5101528633356149
05CB001,1.0,1.0,1.0
05CB002,0.7180013689253936,0.675564681724846,0.6160164271047228
05CB004,1.0,1.0,1.0
05CB005,0.4962354551676934,0.0,0.0
05CC001,1.0,1.0,0.9167237052247319
05CC007,1.0,1.0,0.9377138945927447
05CC008,0.6591375770020533,0.677389915582934,0.5030800821355237
05CC009,0.6796714579055442,0.676020990189368,0.5035363906000456
05CC010,0.6814966917636323,0.6824093086926762,0.5033082363677845
05CC011,0.5738078941364362,0.676933607118412,0.5667351129363449
05CC012,0.4786675792835957,0.06548026465890944,0.0
05CC013,0.0,0.04882500570385584,0.45425507643166785
05CD006,0.6830937713894593,0.6764772986538901,0.5660506502395619
05CD007,0.6433949349760438,0.676020990189368,0.6151038101756787
05CD913,0.0,0.43851243440565824,0.16700889801505814
05CE002,0.6910791695185945,0.6557152635181382,0.6169290440337668
05CE006,0.6933607118412046,0.674652064795802,0.6274241387177732
05CE009,0.0,0.0,0.0
05CE010,0.6835500798539813,0.6741957563312799,0.513118868355008
05CE011,0.6885694729637235,0.676249144421629,0.6180698151950719
05CE012,0.0,0.0,0.21674652064795807
05CE013,0.0,0.0,0.0
05CE016,0.0,0.0,0.0
05CE018,0.6833219256217202,0.675336527492585,0.5049053159936117
05CE019,0.6427104722792607,0.0,0.0
05CE020,0.6908510152863336,0.596623317362537,0.5035363906000456
05CG004,0.6892539356605065,0.677389915582934,0.6714579055441479
05CG006,0.5874971480720967,0.676249144421629,0.5589778690394707
05CH009,0.0,0.0,0.0
05CJ009,0.0,0.0,0.0
05CJ011,0.12251882272416148,0.0,0.0
05CK001,0.6887976271959845,0.6787588409765002,0.5589778690394707
05CK005,0.6883413187314624,0.6853753137120693,0.6151038101756787
05DA002,0.5183664156970111,0.09285877253023045,0.0
05DA007,1.0,1.0,0.7709331508099475
05DA008,0.0,0.0,0.0
05DA009,1.0,1.0,0.8544375998174766
05DA010,1.0,1.0,0.8544375998174766
05DB001,0.0,0.0,0.0
05DB002,1.0,1.0,0.9167237052247319
05DB003,0.4403376682637463,0.0,0.0
05DB005,0.6858316221765914,0.6805840748345882,0.6162445813369838
05DB006,1.0,1.0,0.8544375998174766
05DC006,1.0,1.0,1.0
05DC007,0.0,0.0,0.0
05DC008,0.0,0.0,0.0
05DC011,0.5179101072324892,0.512434405658225,0.46999771845767735
05DC012,0.8165639972621492,1.0,1.0
05DD004,0.4887063655030801,0.511521788729181,0.42756103125712985
05DD007,0.5101528633356149,0.5099247091033539,0.3848961898243213
05DD008,0.3278576317590691,0.0,0.0
05DD009,1.0,1.0,0.7709331508099475
05DE007,0.6840063883185032,0.6778462240474561,0.45425507643166785
05DE009,0.5957107004334931,0.6637006616472736,0.566506958704084
05DE010,0.0,0.0,0.512890714122747
05DE911,0.0,0.5865845311430526,0.49486652977412726
05DF003,0.6837782340862423,0.6673511293634498,0.62217659137577
05DF004,0.6689482089892768,0.6798996121378051,0.45425507643166785
05DF006,0.6614191193246635,0.673739447866758,0.5101528633356149
05DF007,0.6828656171571983,0.675792835957107,0.45425507643166785
05DF008,0.0,0.10472279260780293,0.5101528633356149
05DF009,0.0,0.0,0.16769336071184116
05EA001,0.6764772986538901,0.6402007757243897,0.5660506502395619
05EA002,0.23294547113848962,0.13871777321469314,0.5790554414784395
05EA005,1.0,1.0,0.9377138945927447
05EA009,0.6481861738535251,0.1140771161305042,0.0
05EA010,0.6842345425507643,0.676020990189368,0.566506958704084
05EA011,0.0,0.14556240018252342,0.5375313712069358
05EA012,0.0,0.14556240018252342,0.593429158110883
05EB902,0.6534337211955281,0.6600501939310974,0.6595938854665754
05EB909,0.6538900296600503,0.11978097193702941,0.0
05EB910,0.6192105863563769,0.6716860597764088,0.17476614191193252
05EB911,0.6433949349760438,0.10015970796258267,0.0
05EC002,0.676933607118412,0.6632443531827515,0.6707734428473648
05EC003,0.0,0.0,0.0
05EC005,0.6771617613506731,0.6771617613506731,0.5030800821355237
05EC006,0.5582934063426876,0.0666210358202145,0.0
05EC007,0.5589778690394707,0.06525211042664847,0.0
05ED001,0.0,0.0,0.0
05ED002,0.6805840748345882,0.673739447866758,0.5101528633356149
05ED003,0.6810403832991102,0.6652977412731006,0.17476614191193252
05EE001,0.049509468400638856,0.0,0.0
05EE003,0.2356833219256217,0.0,0.0
05EE005,0.6810403832991102,0.6721423682409309,0.5117499429614419
05EE006,0.6837782340862423,0.6735112936344969,0.622404745608031
05EE009,0.44832306639288155,0.6714579055441479,0.6160164271047228
05EE915,0.06297056810403834,0.0,0.0
05EF004,0.676020990189368,0.5263518138261465,0.621263974446726
05EF005,0.6725986767054528,0.594113620807666,0.6271959844855122
05EF006,0.673967602099019,0.5208761122518824,0.6173853524982889
05EG004,0.6593657312343144,0.47752680812229065,0.5756331279945244
05EG006,0.6297056810403834,0.000684462696783017,0.0
05EG008,0.28952772073921973,0.0,0.0
05FA001,1.0,1.0,0.6876568560346794
05FA011,0.0,0.04882500570385584,0.5505361624458134
05FA012,0.2181154460415241,0.6778462240474561,0.45425507643166785
05FA014,0.6657540497376226,0.6687200547570158,0.45425507643166785
05FA017,0.0,0.0,0.0
05FA018,0.6837782340862423,0.06502395619438739,0.0
05FA019,0.6849190052475473,0.0657084188911704,0.0
05FA022,0.4469541409993155,0.0,0.0
05FA023,0.1706593657312343,0.0,0.0
05FA024,0.5587497148072097,0.678302532511978,0.45425507643166785
05FA025,0.0,0.04882500570385584,0.5030800821355237
05FB002,0.6869723933378964,0.676020990189368,0.5030800821355237
05FC002,0.6833219256217202,0.678302532511978,0.5033082363677845
05FC003,0.17522245037645445,0.0,0.0
05FC004,0.6833219256217202,0.678302532511978,0.5030800821355237
05FC005,0.3871777321469313,0.0,0.0
05FC007,0.4814054300707278,0.675336527492585,0.5030800821355237
05FD005,0.5003422313483915,0.0,0.0
05FE002,0.6872005475701575,0.674652064795802,0.45425507643166785
05FE005,0.06365503080082136,0.0,0.0
05FF003,0.676249144421629,0.647958019621264,0.6363221537759525
05GA008,0.6908510152863336,0.6780743782797172,0.5500798539812913
05GA010,0.6837782340862423,0.6655258955053616,0.45425507643166785
05GA012,0.618297969427333,0.6780743782797172,0.5030800821355237
05GB004,0.6725986767054528,0.6707734428473648,0.6141911932466347
05GC007,0.6865160848733745,0.564909879078257,0.5612594113620808
05GD002,0.676705452886151,0.5724389687428701,0.622861054072553
05GF001,0.6764772986538901,0.5886379192334018,0.618297969427333
05GF002,0.676933607118412,0.6011864020077573,0.6287930641113393
05GG010,0.677618069815195,0.6055213324207165,0.5783709787816564
05HA015,0.6958704083960757,0.5909194615560118,0.5738078941364362
05HD036,1.0,1.0,0.9374857403604837
05HE001,0.7043121149897331,0.5913757700205339,0.6011864020077573
05HF005,0.6883413187314624,0.007072781200091249,0.0
05HF012,0.0,0.0,0.0
05HF014,0.7154916723705225,0.36436230892083044,0.0
05HF019,0.0,0.0,0.0
05HG018,0.0,0.0,0.0
05HG021,0.7036276522929501,0.6735112936344969,0.623317362537075
05HH002,0.673054985169975,0.5893223819301848,0.567647729865389
05HH003,0.6422541638147388,0.5731234314396532,0.6237736710015971
05JA003,0.73077800593201,0.7100159707962583,0.677618069815195
05JA005,0.0,0.0,0.43600273785078714
05JA006,0.0,0.0,0.3937942048825006
05JB004,0.7152635181382614,0.7223362993383527,0.6260552133242072
05JB005,0.0,0.0,0.0
05JB007,0.7273556924480948,0.7164042892995666,0.673967602099019
05JC004,0.7152635181382614,0.7138945927446954,0.678302532511978
05JC007,0.7145790554414784,0.674423910563541,0.566963267168606
05JE002,0.6785306867442391,0.007072781200091249,0.0
05JF011,0.6924480949121606,0.674423910563541,0.6310746064339494
05JF014,0.672370522473192,0.6020990189368013,0.620351357517682
05JG001,0.6979237964864249,0.6096281086014146,0.56787588409765
05JG013,0.728040155144878,0.6819530002281542,0.5703855806525211
05JH005,0.6648414328085785,0.6005019393109743,0.5598904859685148
05JJ009,0.673054985169975,0.677618069815195,0.5690166552589551
05JK008,0.6078028747433265,0.5824777549623545,0.6208076659822039
05JL002,0.6714579055441479,0.11886835500798543,0.0
05JM005,0.0,0.0,0.0
05JM010,0.6794433036732832,0.6844626967830254,0.6194387405886379
05KB003,0.6721423682409309,0.5820214464978326,0.6283367556468172
05KB006,0.672370522473192,0.5918320784850559,0.620351357517682
05KB009,0.0,0.0,0.0
05KB011,0.6728268309377139,0.594569929272188,0.5646817248459959
05KC001,1.0,0.6947296372347707,0.5724389687428701
05KE005,0.6721423682409309,0.595254391968971,0.6176135067305499
05KE007,0.673967602099019,0.595254391968971,0.622632899840292
05KE010,0.07894136436230892,1.0,0.8544375998174766
05KF001,1.0,0.32511978097193706,0.5318275154004106
05KG002,1.0,0.20511065480264656,0.0
05KG007,1.0,0.6005019393109743,0.6659822039698837
05KH007,1.0,0.9867670545288615,0.9922427561031257
05KJ014,0.674423910563541,0.5505361624458134,0.6324435318275154
05LA003,0.6735112936344969,0.6025553274013233,0.6814966917636323
05LA006,0.23271731690622866,0.0,0.0
05LB001,0.0,0.0,0.0
05LB002,0.6748802190280629,0.06297056810403834,0.0
05LB003,0.0,0.0,0.0
05LB004,0.6732831394022358,0.5900068446269678,0.6456764772986539
05LB006,0.6728268309377139,0.6005019393109743,0.6431667807437829
05LB008,0.6703171343828428,0.511521788729181,0.1298197581565138
05LB009,0.0,0.0,0.0
05LB010,0.6705452886151038,0.594569929272188,0.6358658453114305
05LC001,1.0,1.0,0.9377138945927447
05LC002,0.0,0.0,0.0
05LC004,0.973990417522245,0.0,0.22290668491900523
05LD001,0.673054985169975,0.6589094227697924,0.6545744923568333
05LD003,0.675108373260324,0.5580652521104266,0.6344969199178645
05LE001,0.0,0.0,0.0
05LE004,0.6728268309377139,0.675108373260324,0.5660506502395619
05LE005,0.6728268309377139,0.6666666666666667,0.5185945699292722
05LE006,1.0,0.7353410905772302,0.5975359342915811
05LE008,1.0,0.7100159707962583,0.6299338352726442
05LE009,0.0,0.0,0.0
05LE010,0.6468172484599589,0.43668720054757015,0.4839151266255989
05LE011,0.677389915582934,0.5888660734656628,0.5772302076203514
05LG003,0.0,0.0,0.05270362765229297
05LG004,0.6714579055441479,0.6516084873374401,0.5569244809491216
05LG006,0.6429386265115218,0.22792607802874743,0.26260552133242077
05LH005,1.0,1.0,0.9758156513803331
05LJ005,0.6707734428473648,0.6707734428473648,0.5535021674652065
05LJ007,0.6712297513118868,0.6529774127310062,0.5637691079169518
05LJ011,0.007072781200091249,0.0,0.0
05LJ013,0.0,0.0,0.0
05LJ020,0.0,0.0,0.0
05LJ027,0.6716860597764088,0.6502395619438741,0.5975359342915811
05LJ032,0.02099018936801278,0.0,0.0
05LJ034,0.0,0.0,0.0
05LJ045,0.6707734428473648,0.6614191193246635,0.5573807894136436
05LJ801,0.06091718001368929,0.0,0.0
05LL004,0.0,0.0,0.0
05LL013,0.5101528633356149,0.0,0.0
05LL014,1.0,1.0,0.8181610768879762
05LL015,0.6707734428473648,0.540953684690851,0.5608031028975587
05LL021,0.007072781200091249,0.0,0.10449463837554185
05LL022,0.0,0.0,0.0
05LL024,0.3394934976043805,0.0,0.0
05LL027,0.6712297513118868,0.6662103582021446,0.48665297741273106
05LL028,0.5101528633356149,0.0,0.0
05MA013,0.0,0.0,0.0
05MA019,0.0,0.0,0.0
05MA020,0.6716860597764088,0.6639288158795346,0.45334245950262375
05MA021,0.6710015970796258,0.674423910563541,0.6285649098790782
05MA022,0.17499429614419348,0.0,0.0
05MA025,0.49669176363221534,0.5943417750399269,0.6244581336983801
05MC001,0.6881131644992015,0.6808122290668492,0.567191421400867
05MC002,0.6728268309377139,0.5954825462012321,0.6748802190280629
05MC003,0.6922199406798997,0.6598220396988363,0.6258270590919461
05MC004,0.677389915582934,0.06365503080082136,0.0
05MD005,1.0,0.9822039698836413,0.8414328085785991
05MD006,0.0,0.0,0.0
05MD007,0.3721195528177048,0.15377595254391974,0.44581336983801045
05MD010,0.6947296372347707,0.6812685375313712,0.568104038329911
05ME003,0.6707734428473648,0.6707734428473648,0.5459730778005931
05ME005,0.6707734428473648,0.5085557837097878,0.5233858088067533
05ME007,0.675564681724846,0.6787588409765002,0.5697011179557381
05ME009,0.34861966689482093,0.593885466575405,0.5434633812457221
05ME010,0.0,0.09650924024640661,0.4487793748574036
05MF001,1.0,1.0,0.9377138945927447
05MF008,0.9721651836641569,0.25188227241615335,0.5051334702258727
05MF022,0.0,0.0,0.0
05MF024,0.0,0.07688797627195987,0.45425507643166785
05MG001,0.6429386265115218,0.14693132557608946,0.44741044946383757
05MG002,0.0,0.0,0.0
05MG003,0.6429386265115218,0.14693132557608946,0.44992014601870867
05MG006,0.6429386265115218,0.0,0.0
05MG009,0.0,0.0,0.0
05MH002,0.0,0.0,0.0
05MH006,0.6429386265115218,0.25188227241615335,0.45106091718001373
05MH007,0.6707734428473648,0.6059776408852384,0.5315993611681497
05MH008,0.6716860597764088,0.6354095368469085,0.5462012320328542
05MJ009,0.28177047684234546,0.0,0.0
05MJ010,0.3353867214236824,0.0,0.0
05NA002,0.0,0.0,0.0
05NB033,0.16837782340862428,0.6860597764088524,0.6477298653890029
05NB035,0.1606205795117499,0.6812685375313712,0.677389915582934
05NB039,0.002053388090349051,0.03262605521332418,0.5544147843942505
05ND011,0.17271275382158335,0.6803559206023272,0.622861054072553
05ND013,0.0,0.0,0.25005703855806527
05NE003,0.4519735341090577,0.6869723933378964,0.6258270590919461
05NF002,1.0,0.7337440109514031,0.6178416609628108
05NF006,0.6808122290668492,0.6844626967830254,0.6290212183436003
05NF008,0.6714579055441479,0.2306639288158795,0.4394250513347022
05NF010,0.677389915582934,0.6846908510152863,0.5744923568332192
05NF013,0.6771617613506731,0.06297056810403834,0.0
05NF015,0.45425507643166785,0.0,0.0
05NG010,1.0,0.2673967602099019,0.45151722564453567
05NG012,0.6335843029888204,0.25188227241615335,0.511521788729181
05NG019,0.5101528633356149,0.0,0.2256445357061373
05NG020,0.6429386265115218,0.2657996805840749,0.4638375541866302
05NG027,0.4686287930641113,0.0,0.0
05OA007,1.0,0.730321697467488,0.49075975359342916
05OA008,0.5101528633356149,0.0,0.0
05OA009,0.0,0.0,0.0
05OA013,0.0,0.0,0.0
05OB010,0.6707734428473648,0.3289984029203742,0.44741044946383757
05OB016,1.0,1.0,0.9377138945927447
05OB021,0.9037189139858545,1.0,0.9828884325804244
05OC016,0.6447638603696099,0.4528861510381017,0.566278804471823
05OC019,0.6431667807437829,0.43988135979922427,0.5596623317362537
05OC022,0.6707734428473648,0.3139402235911476,0.5233858088067533
05OC024,0.35272644307551904,0.2655715263518138,0.4414784394250514
05OC025,0.2865617157198266,0.0,0.0
05OD001,1.0,0.7396760209901894,0.6062057951174995
05OD004,0.6714579055441479,0.2931781884553959,0.5163130276066621
05OD014,0.0,0.0,0.0
05OD028,0.6429386265115218,0.2347707049965777,0.4613278576317591
05OD029,0.007072781200091249,0.0,0.0
05OE004,1.0,0.49577914670317136,0.6011864020077573
05OE006,0.6429386265115218,0.25188227241615335,0.44992014601870867
05OE007,0.6429386265115218,0.2089892767510837,0.47068218115446037
05OE008,0.0,0.0,0.0
05OE009,0.6449920146018708,0.1740816792151494,0.4747889573351586
05OE010,0.6436230892083048,0.2657996805840749,0.45425507643166785
05OE014,0.3328770248688113,0.16084873374401099,0.4453570613734885
05OE015,0.0,0.2724161533196441,0.5617157198266027
05OF009,0.6707734428473648,0.3287702486881131,0.5074150125484828
05OF011,0.6707734428473648,0.11886835500798543,0.22336299338352728
05OF014,0.6707734428473648,0.6646132785763176,0.5512206251425964
05OF015,0.6477298653890029,0.0,0.0
05OF016,0.0,0.0,0.0
05OF017,0.6721423682409309,0.6652977412731006,0.6310746064339494
05OF018,0.6429386265115218,0.163130276066621,0.4772986538900297
05OF020,0.6707734428473648,0.34337211955281766,0.42938626511521794
05OF022,0.2514259639516313,0.0,0.0
05OF024,0.0,0.1957563312799453,0.4394250513347022
05OF026,0.0,0.134839151266256,0.5023956194387407
05OG003,0.0,0.0,0.0
05OJ008,0.6712297513118868,0.5247547342003194,0.5660506502395619
05OJ012,0.0,0.0,0.0
05OJ013,0.0,0.0,0.0
05OJ016,0.6675792835957107,0.5311430527036276,0.5660506502395619
05OJ017,0.6433949349760438,0.2657996805840749,0.42505133470225875
05PA006,1.0,1.0,1.0
05PB014,0.9650924024640657,1.0,0.9290440337668264
05PB015,0.9381702030572667,0.2904403376682637,0.0
05PB018,0.9824321241159023,1.0,0.7709331508099475
05PB021,0.81222906684919,0.02099018936801278,0.0
05PB022,0.7499429614419347,0.0,0.0
05PC011,0.6707734428473648,0.1964407939767283,0.0
05PC016,0.2306639288158795,0.0,0.0
05PC022,0.0,0.0,0.731462468628793
05PC023,0.0,0.0,0.704083960757472
05PD015,0.9167237052247319,0.10426648414328088,0.0
05PD017,0.9167237052247319,0.10426648414328088,0.0
05PD023,0.9164955509924709,0.10426648414328088,0.0
05PD024,0.5877253023043578,0.06297056810403834,0.0
05PD028,0.5601186402007757,0.06274241387177737,0.0
05PD033,0.2473191877709332,0.07460643394934974,0.0
05PE028,0.0,0.0,0.6614191193246635
05PH003,0.9974903034451289,1.0,0.9377138945927447
05PJ001,0.34747889573351587,0.32922655715263516,0.4795801962126397
05QA001,0.0,0.0,0.0
05QA002,0.9867670545288615,1.0,0.9954369153547798
05QA004,1.0,1.0,0.9377138945927447
05QA005,0.0,0.0,0.0
05QC003,1.0,1.0,0.8010495094684007
05QC006,0.0,0.0,0.5238421172712754
05QD017,0.5624001825233857,0.06000456308464519,0.0
05QD023,0.5637691079169518,0.061145334245950256,0.0
05QD025,0.405430070727812,0.06023271731690627,0.0
05QE008,1.0,1.0,0.8544375998174766
05QE009,1.0,0.999771845767739,0.9114761578827287
05QE012,1.0,1.0,0.9377138945927447
05RA001,1.0,0.18777093315080995,0.5747205110654803
05RB003,0.9858544375998175,0.9879078256901666,0.9377138945927447
05RC001,1.0,0.31257129819758156,0.809491216062058
05RD008,0.9630390143737166,0.18777093315080995,0.0
05RE001,1.0,0.18777093315080995,0.0
05SA002,1.0,0.7326032397900981,0.5660506502395619
05SB002,0.2587268993839835,0.0,0.0
05SC002,0.6575404973762263,0.39174081679215145,0.4679443303673283
05SD003,1.0,0.3803331051791011,0.45083276294775265
05SD004,0.34109057723020764,0.07665982203969879,0.2222222222222222
05TD001,0.8834131873146247,0.9776408852384212,0.9338352726443075
05TE001,0.24207164042892992,0.0,0.0
05TE002,0.758156513803331,0.9933835272644308,0.9377138945927447
05TF002,0.8884325804243669,0.8266027834816336,0.8850102669404517
05TG002,0.9383983572895277,0.9208304814054301,0.8982432124115902
05TG003,0.9687428701802419,1.0,0.9374857403604837
05TG006,0.11818389231120241,0.9860825918320785,0.8491900524754734
05UA003,0.973305954825462,0.9984029203741729,0.8268309377138946
05UE004,0.0,0.0,0.0
05UF004,0.999771845767739,0.9632671686059776,0.9226557152635182
05UG001,0.999771845767739,0.8957335158567191,0.8491900524754734
05UH001,0.8799908738307096,0.9034907597535934,0.8713210130047913
05UH002,0.8818161076887976,0.9520876112251883,0.8640200775724389
06AA001,0.6844626967830254,0.6705452886151038,0.6735112936344969
06AA002,0.6933607118412046,0.6678074378279717,0.6712297513118868
06AB001,0.6844626967830254,0.6735112936344969,0.5601186402007757
06AB002,0.9582477754962354,0.6862879306411134,0.6707734428473648
06AB003,0.4631530914898472,0.0,0.0
06AC001,0.6787588409765002,0.6577686516084873,0.5033082363677845
06AC006,0.7631759069130732,0.0,0.0
06AD001,1.0,0.6853753137120693,0.6269678302532512
06AD006,1.0,1.0,1.0
06AD008,0.6698608259183207,0.5514487793748575,0.5884097650011408
06AD010,0.9662331736253708,0.6582249600730093,0.6397444672598677
06AD011,0.676705452886151,0.6036960985626283,0.6103125712981976
06AF001,0.14556240018252342,1.0,1.0
06AF005,1.0,0.6543463381245722,0.6386036960985626
06AF006,0.0,0.0,0.0
06AF008,0.9783253479352042,0.04928131416837778,0.0
06AG001,1.0,0.6803559206023272,0.624914442162902
06AG002,0.9874515172256445,1.0,0.999315537303217
06BA002,1.0,1.0,1.0
06BB002,0.0,0.0,0.0
06BB003,1.0,0.05566963267168601,0.9336071184120466
06BB004,1.0,0.06228610540725532,0.0
06BB005,1.0,1.0,1.0
06BC001,1.0,0.04836869723933379,0.0
06BD001,1.0,1.0,0.9377138945927447
06CD002,1.0,1.0,0.9377138945927447
06CE001,1.0,0.05566963267168601,0.0
06DA002,0.9744467259867671,0.18754277891854898,0.9158110882956879
06DA004,1.0,1.0,0.9377138945927447
06DA005,1.0,1.0,0.9377138945927447
06DC001,1.0,1.0,0.999771845767739
06FA001,0.9552817704768424,0.890942276979238,0.8462240474560803
06FB002,0.9123887748117727,0.9881359799224275,0.8713210130047913
06FC001,0.8642482318047,0.9203741729409081,0.9101072324891627
06FD002,0.893223819301848,0.9258498745151722,0.8690394706821811
06GA001,0.9810631987223363,0.18754277891854898,0.0
06GB001,0.41592516541181834,0.0,0.0
06GD001,0.9787816563997263,0.8834131873146247,0.8713210130047913
06HB002,0.0,0.7681953000228154,0.7488021902806297
06HD001,0.0,0.06023271731690627,0.0
06JC002,0.10974218571754502,0.7638603696098563,0.6819530002281542
06KC001,0.0,0.0,0.0
06KC003,0.6931325576089437,0.45836185261236595,0.3148528405201917
06LA001,0.15377595254391974,0.5224731918777094,0.5254391968971024
06LC001,0.9639516313027606,0.9276751083732603,0.7930641113392654
06LC002,0.9639516313027606,0.02099018936801278,0.0
06LC003,0.0,0.0,0.0
06MA003,0.02099018936801278,0.0,0.0
06MA004,0.3812457221081451,0.0,0.0
06MA005,0.4994296144193475,0.0,0.0
06MA006,0.8941364362308921,1.0,0.7469769564225417
06NB002,0.8311658681268538,0.10426648414328088,0.0
06OA001,0.43417750399269905,0.0,0.0
06OA005,0.0,0.0,0.0
06OA006,0.0,0.04220853296828653,0.0
06OA007,0.0,0.10928587725302308,0.30344512890714126
06PA001,0.35363906000456313,0.0,0.0
07AA001,1.0,1.0,0.7709331508099475
07AA002,1.0,1.0,0.9167237052247319
07AA007,0.513803331051791,0.16267396760209907,0.38512434405658225
07AA008,0.0,0.0,0.0
07AA009,0.5007985398129136,0.07118412046543465,0.0
07AB002,0.459730778005932,0.0,0.0
07AC001,0.5288615103810176,0.5117499429614419,0.4195756331279945
07AC002,0.0,0.0,0.0
07AC007,0.5055897786903947,0.6796714579055442,0.5598904859685148
07AC008,0.5060460871549167,0.675336527492585,0.5099247091033539
07AD001,0.0,0.0,0.0
07AD002,1.0,1.0,0.8332192562172028
07AD003,0.0,0.0,0.0
07AD004,0.45402692219940677,0.0,0.0
07AD005,0.0,0.0,0.0
07AD006,0.0,0.0,0.0
07AD007,0.0,0.0,0.0
07AE001,0.6858316221765914,0.677618069815195,0.6712297513118868
07AF002,1.0,1.0,0.9167237052247319
07AF003,0.6036960985626283,0.6025553274013233,0.5370750627424139
07AF004,0.4111339265343372,0.0,0.0
07AF005,0.486881131644992,0.0,0.0
07AF008,0.0,0.0,0.0
07AF009,0.0,0.0,0.0
07AF010,0.6837782340862423,0.6764772986538901,0.6148756559434178
07AF013,0.6030116358658453,0.675336527492585,0.5589778690394707
07AF014,0.5943417750399269,0.6805840748345882,0.5589778690394707
07AF015,0.5192790326260552,0.675792835957107,0.6148756559434178
07AF906,0.08875199634953224,0.0,0.0
07AF907,0.3141683778234087,0.0,0.0
07AG001,0.12799452429842573,0.0,0.0
07AG002,0.0,0.0,0.0
07AG003,1.0,1.0,0.5840748345881817
07AG004,0.6881131644992015,0.6771617613506731,0.566963267168606
07AG007,0.8667579283595711,0.999771845767739,0.7499429614419347
07AG008,0.5804243668720055,0.6529774127310062,0.512434405658225
07AH001,0.6824093086926762,0.676705452886151,0.6230892083048141
07AH002,0.6862879306411134,0.678302532511978,0.567419575633128
07AH003,0.6833219256217202,0.678302532511978,0.567647729865389
07BA001,0.6319872233629934,0.0,0.21263974446725986
07BA002,0.6495550992470911,0.677618069815195,0.6151038101756787
07BA003,0.5195071868583162,0.5083276294775267,0.4620123203285421
07BB002,1.0,1.0,0.7709331508099475
07BB003,0.35432352270134615,0.0,0.0
07BB005,0.6860597764088524,0.6764772986538901,0.511521788729181
07BB009,0.33835272644307557,0.0,0.0
07BB011,0.6623317362537076,0.6764772986538901,0.511521788729181
07BB014,0.6833219256217202,0.676705452886151,0.566278804471823
07BC002,1.0,1.0,1.0
07BC004,0.0,0.0,0.0
07BC006,0.6826374629249372,0.6698608259183207,0.6148756559434178
07BC007,0.6808122290668492,0.678986995208761,0.5042208532968286
07BE001,1.0,1.0,1.0
07BE004,0.6801277663700662,0.6780743782797172,0.5030800821355237
07BF001,0.6826374629249372,0.6725986767054528,0.5101528633356149
07BF002,1.0,1.0,0.6876568560346794
07BF009,0.5179101072324892,0.6785306867442391,0.510837326032398
07BF010,0.0,0.3721195528177048,0.45493953912845086
07BF905,0.0,0.14556240018252342,0.8544375998174766
07BG004,0.4496919917864476,0.672370522473192,0.5085557837097878
07BH003,0.23454255076431663,0.0,0.11179557380789418
07BJ001,1.0,1.0,0.8544375998174766
07BJ003,0.678986995208761,0.677389915582934,0.5110654802646589
07BJ004,0.6828656171571983,0.0641113392653434,0.0
07BK001,0.5320556696326717,0.999771845767739,0.7709331508099475
07BK005,0.6810403832991102,0.6725986767054528,0.45425507643166785
07BK006,0.5211042664841432,0.0,0.0
07BK007,1.0,1.0,0.6876568560346794
07BK009,0.6835500798539813,0.672370522473192,0.45425507643166785
07BK012,0.0,0.0,0.49988592288386946
07CA003,0.6844626967830254,0.6595938854665754,0.5028519279032626
07CA005,0.6851471594798084,0.6680355920602328,0.5030800821355237
07CA006,1.0,0.756331279945243,0.5849874515172256
07CA008,0.676020990189368,0.6803559206023272,0.6721423682409309
07CA011,0.9945242984257358,0.10426648414328088,0.0
07CA012,0.621035820214465,0.675336527492585,0.6705452886151038
07CA013,0.6055213324207165,0.675336527492585,0.6707734428473648
07CB002,0.6862879306411134,0.678302532511978,0.6705452886151038
07CC001,0.0,0.0,0.0
07CD001,1.0,1.0,1.0
07CD004,0.7946611909650925,0.6714579055441479,0.8206707734428473
07CD005,1.0,0.7282683093771389,0.8213552361396304
07CD007,0.9582477754962354,0.05544147843942504,0.0
07CE002,0.6703171343828428,0.6721423682409309,0.8213552361396304
07CE003,0.6367784622404746,0.6637006616472736,0.6698608259183207
07CE005,0.6573123431439654,0.06297056810403834,0.14556240018252342
07CE006,0.6066621035820214,0.06297056810403834,0.0
07DA001,1.0,1.0,1.0
07DA006,0.8012776637006617,0.6621035820214465,0.8206707734428473
07DA008,0.8010495094684007,0.6856034679443304,0.8206707734428473
07DA010,0.0,0.0,0.0
07DA011,0.6057494866529773,0.0,0.0
07DA014,0.0,0.0,0.0
07DA015,0.0,0.0,0.0
07DA016,0.6201232032854209,0.0,0.0
07DA017,0.35432352270134615,0.0,0.0
07DA018,0.8035592060232717,0.6719142140086698,0.8206707734428473
07DB001,0.8040155144877937,0.6721423682409309,0.8206707734428473
07DB004,0.0,0.0,0.0
07DB005,0.4579055441478439,0.0,0.0
07DC001,0.8035592060232717,0.6716860597764088,0.8206707734428473
07DC002,0.0,0.0,0.0
07DD001,0.09103353867214237,0.0,0.3447410449463838
07DD002,0.8031028975587498,0.6719142140086698,0.6703171343828428
07EA001,0.10426648414328088,0.0,0.0
07EA002,0.9167237052247319,0.35409536846908507,0.0
07EA004,1.0,0.9984029203741729,0.5861282226785307
07EA005,1.0,1.0,0.621720282911248
07EA007,0.40086698608259186,0.0,0.0
07EB002,0.999543691535478,0.999543691535478,0.7049965776865161
07EC001,0.0,0.0,0.0
07EC002,1.0,1.0,0.8544375998174766
07EC003,1.0,1.0,0.8462240474560803
07EC004,1.0,0.9984029203741729,0.5861282226785307
07ED001,1.0,0.10426648414328088,0.0
07ED003,1.0,1.0,0.6876568560346794
07EE002,0.0,0.0,0.0
07EE003,0.0,0.0,0.0
07EE005,0.0,0.0,0.0
07EE007,1.0,0.9628108601414557,0.7709331508099475
07EE009,1.0,1.0,0.7305498516997491
07EE010,1.0,1.0,0.7709331508099475
07EE011,0.10700433493041295,0.0,0.0
07EF004,0.0,0.728724617841661,0.8313940223591147
07FA001,0.10426648414328088,0.0,0.0
07FA003,1.0,0.10426648414328088,0.18754277891854898
07FA005,1.0,0.8332192562172028,0.6698608259183207
07FA006,0.8957335158567191,1.0,0.6876568560346794
07FB001,1.0,1.0,0.8544375998174766
07FB002,1.0,1.0,0.7615788272872461
07FB003,1.0,1.0,0.6876568560346794
07FB004,1.0,1.0,0.6481861738535251
07FB005,0.9885922883869496,0.56787588409765,0.0
07FB006,1.0,1.0,0.678302532511978
07FB008,1.0,1.0,0.6043805612594113
07FB009,0.9575633127994524,1.0,0.6721423682409309
07FB010,0.17522245037645445,0.0,0.0
07FB011,0.3723477070499658,0.12867898699520874,0.0
07FC001,1.0,1.0,0.7517681953000228
07FC003,1.0,1.0,0.5222450376454484
07FC006,0.017111567419575646,0.0,0.0
07FD001,1.0,1.0,0.8530686744239105
07FD004,0.81222906684919,1.0,0.6876568560346794
07FD006,0.6960985626283367,0.6801277663700662,0.45425507643166785
07FD007,0.785763175906913,1.0,0.6691763632215377
07FD008,0.47821127081907366,0.0,0.0
07FD009,0.677618069815195,0.6605065023956194,0.45608031028975593
07FD011,0.677618069815195,0.6785306867442391,0.4556240018252339
07FD012,0.6780743782797172,0.6794433036732832,0.44079397672826826
07FD013,0.6778462240474561,0.6794433036732832,0.5112936344969199
07FD020,0.0,0.10472279260780293,0.2865617157198266
07FD908,0.19530002281542325,0.5808806753365274,0.27013461099703395
07FD910,0.6032397900981064,0.5667351129363449,0.27538215833903723
07FD912,0.34268765685603464,0.5852156057494866,0.1533196440793977
07FD913,0.6016427104722792,0.5881816107688798,0.011179557380789462
07GA001,0.8158795345653662,0.6805840748345882,0.566963267168606
07GA002,0.7802874743326489,0.6602783481633585,0.45402692219940677
07GB001,0.6922199406798997,0.6792151494410221,0.5598904859685148
07GB002,0.6598220396988363,0.0,0.0
07GB003,0.03239790098106321,0.678986995208761,0.510837326032398
07GC002,0.514259639516313,0.6798996121378051,0.2865617157198266
07GD001,0.8224960073009354,0.6801277663700662,0.5112936344969199
07GD002,0.676933607118412,0.6801277663700662,0.17476614191193252
07GD003,0.892539356605065,0.0,0.0
07GD004,0.08692676249144426,1.0,0.9377138945927447
07GE001,1.0,1.0,0.6876568560346794
07GE003,0.6960985626283367,0.6817248459958932,0.513118868355008
07GE007,0.5760894364590463,0.6798996121378051,0.6162445813369838
07GF001,0.8215833903718914,0.6796714579055442,0.511521788729181
07GF002,0.25530458590006844,0.0,0.0
07GF003,0.26671229751311887,0.0,0.0
07GF004,0.28610540725530453,0.0,0.0
07GF005,0.36025553274013233,0.45242984257357977,0.0
07GF006,0.3472507415012549,0.2874743326488707,0.0
07GF007,0.2655715263518138,0.0,0.0
07GF008,0.5119780971937029,0.49828884325804246,0.5185945699292722
07GG001,1.0,1.0,0.6876568560346794
07GG002,0.6821811544604153,0.6780743782797172,0.5046771617613507
07GG003,0.6808122290668492,0.6778462240474561,0.62217659137577
07GH002,1.0,1.0,0.6876568560346794
07GH004,0.618982432124116,0.678986995208761,0.4544832306639288
07GJ001,1.0,1.0,0.7709331508099475
07HA003,1.0,1.0,0.6874287018024184
07HA005,0.8106319872233629,0.6719142140086698,0.673054985169975
07HA902,0.5407255304585901,0.0,0.0
07HA914,0.1939310974218572,0.5760894364590463,0.2749258498745152
07HB001,0.6139630390143738,0.674423910563541,0.45425507643166785
07HC001,1.0,1.0,0.7709331508099475
07HC002,0.5560118640200775,0.6716860597764088,0.5690166552589551
07HC907,0.19415925165411818,0.5872689938398357,0.26694045174537984
07HF002,0.6869723933378964,0.674652064795802,0.5589778690394707
07JA003,0.5608031028975587,0.6716860597764088,0.5101528633356149
07JB002,0.7734428473648186,0.0,0.0
07JC001,0.5772302076203514,0.6459046315309149,0.5555555555555556
07JC002,0.44832306639288155,0.6630161989504906,0.45357061373488483
07JC003,0.0,0.06228610540725532,0.8544375998174766
07JD001,0.0,0.0,0.0
07JD002,1.0,1.0,0.8544375998174766
07JD003,0.5345653661875428,0.5309148984713666,0.45265799680584073
07JD004,0.6810403832991102,0.673054985169975,0.621948437143509
07JF002,0.6876568560346794,0.6732831394022358,0.5101528633356149
07JF003,0.6721423682409309,0.6732831394022358,0.5589778690394707
07JF005,0.0,0.0,0.4471822952315766
07KA002,0.0,0.0,0.0
07KE001,0.7985398129135295,0.672370522473192,0.6703171343828428
07LB002,1.0,1.0,1.0
07LE001,0.0,0.0,0.0
07LE002,1.0,0.8031028975587498,0.9377138945927447
07LE003,0.6899383983572895,0.05544147843942504,0.0
07LE004,0.9664613278576317,0.05544147843942504,0.0
07MA003,0.9863107460643394,0.9409080538443988,0.11544604152407023
07MA004,0.998631074606434,0.05544147843942504,0.0
07MB001,1.0,0.9831165868126853,0.8569472963723477
07NB007,0.0,0.0,0.0
07OA001,0.6780743782797172,0.6504677161761351,0.2030572667122975
07OB001,1.0,1.0,0.9347478895733516
07OB003,0.6881131644992015,0.673739447866758,0.5660506502395619
07OB004,0.6819530002281542,0.6741957563312799,0.5637691079169518
07OB006,0.6819530002281542,0.6741957563312799,0.5653661875427789
07OC001,1.0,1.0,0.8544375998174766
07PB002,0.8254620123203286,0.02099018936801278,0.0
07QB002,0.6741957563312799,0.0,0.0
07QC005,0.010723248916267414,0.031485284052019114,0.3823864932694502
07QC006,0.5103810175678759,0.12525667351129366,0.4229979466119097
07QC007,0.0,0.0,0.7750399269906456
07QD004,0.01825233858088071,0.0,0.0
07QD006,0.6666666666666667,0.0,0.0
07RC001,0.0,0.0,0.0
07RD001,0.7807437827971708,0.9365731234314396,0.8459958932238193
07SA002,0.8519279032626055,0.999771845767739,0.4736481861738535
07SA008,0.0,0.6456764772986539,0.4969199178644764
07SB010,1.0,0.9858544375998175,0.8544375998174766
07SB013,0.9790098106319872,0.944558521560575,0.8501026694045175
07SC002,0.0,0.1681496691763632,0.05612594113620806
07SC004,0.0,0.0,0.37668263746292496
07SC005,0.0,0.0,0.38101756787588414
07TA001,0.0,0.7540497376226329,0.39082819986310746
07TB001,0.11613050422085325,0.12183436002737846,0.0
07UC001,0.6876568560346794,0.0,0.35911476157882727
08AA004,0.0,0.0,0.0
08AA008,0.9557380789413643,1.0,0.9331508099475245
08AA009,0.9799224275610312,0.999771845767739,0.8936801277663701
08AB001,0.9926990645676478,1.0,0.9377138945927447
08AB002,0.14556240018252342,0.9790098106319872,0.5001140771161305
08AC001,0.8788501026694046,1.0,0.9372575861282226
08AC002,0.4670317134382843,1.0,0.8542094455852156
08BB001,0.41683778234086244,0.0,0.0
08BB005,0.5624001825233857,0.9790098106319872,0.8934519735341091
08CA001,0.18503308236367788,0.0,0.0
08CA002,0.18503308236367788,0.0,0.0
08CA003,0.29089664613278576,0.0,0.0
08CB001,1.0,0.04152407027150351,0.0
08CB002,0.0,0.0,0.0
08CC001,1.0,0.1282226785306867,0.0
08CC002,0.6292493725758612,0.0,0.0
08CC003,0.5838466803559206,0.0,0.0
08CD001,0.9920146018708647,0.9988592288386949,0.9876796714579056
08CE001,1.0,1.0,0.9361168149669177
08CF001,1.0,0.04585900068446269,0.0
08CF003,0.8957335158567191,0.9790098106319872,0.9167237052247319
08CG001,1.0,1.0,0.9374857403604837
08CG004,1.0,0.04585900068446269,0.0
08CG005,1.0,0.04175222450376459,0.0
08DA009,0.6655258955053616,0.12502851927903258,0.0
08DA010,0.4553958475929728,0.13255760894364588,0.0
08DA012,0.0,0.5735797399041752,0.5042208532968286
08DB001,1.0,1.0,0.7709331508099475
08DB010,0.9881359799224275,0.12525667351129366,0.0
08DB012,0.5979922427561031,0.12525667351129366,0.0
08DB013,0.0,0.81222906684919,0.8542094455852156
08DB014,0.0,0.81222906684919,0.9240246406570842
08DC006,1.0,0.3748574036048369,0.0
08EB003,0.27104722792607805,0.0,0.0
08EB004,1.0,1.0,0.9377138945927447
08EB005,1.0,0.12525667351129366,0.81222906684919
08EB006,0.0,0.5058179329226558,0.40177960301163584
08EC001,0.27104722792607805,0.0,0.0
08EC005,0.0,0.0,0.0
08EC013,1.0,1.0,0.9377138945927447
08ED001,0.9808350444900753,1.0,1.0
08ED002,1.0,1.0,1.0
08ED003,0.0,0.0,0.0
08ED004,0.0,0.5067305498516997,0.49577914670317136
08EE003,0.5464293862651153,0.19621263974446723,0.677618069815195
08EE004,1.0,1.0,1.0
08EE005,0.0,0.0,0.8250057038558065
08EE008,1.0,1.0,0.920602327173169
08EE009,0.0,0.0,0.0
08EE010,0.0,0.0,0.0
08EE012,0.9755874971480721,1.0,0.9377138945927447
08EE013,0.9844855122062515,1.0,0.8542094455852156
08EE018,0.0,0.0,0.0
08EE020,1.0,1.0,0.9377138945927447
08EE025,1.0,1.0,0.8544375998174766
08EE028,0.783481633584303,0.12502851927903258,0.0
08EF001,1.0,1.0,0.9377138945927447
08EF003,0.0,0.0,0.0
08EF004,0.0,0.0,0.0
08EF005,1.0,1.0,0.999771845767739
08EF006,0.0,0.4798083504449008,0.5756331279945244
08EG011,1.0,0.05361624458133696,0.0
08EG012,1.0,1.0,0.9377138945927447
08EG013,0.0,0.0,0.0
08EG017,0.2290668491900525,1.0,0.23705224731918773
08EG018,0.0,0.5886379192334018,0.5220168834131873
08FA002,1.0,1.0,0.9242527948893452
08FA004,0.0,0.0,0.0
08FA009,0.0,0.0,0.0
08FB002,0.0,0.0,0.0
08FB004,0.9869952087611226,0.9607574720511065,0.6869723933378964
08FB005,0.973534109057723,0.12525667351129366,0.0
08FB006,1.0,1.0,0.48094912160620584
08FB007,1.0,1.0,0.3137120693588866
08FC002,0.0,0.0,0.0
08FC003,1.0,1.0,0.8612822267853069
08FC005,0.0,0.7818845539584759,0.07186858316221767
08FE003,1.0,1.0,0.9377138945927447
08FF001,1.0,1.0,0.9377138945927447
08FF002,1.0,1.0,0.8544375998174766
08FF003,1.0,1.0,0.9377138945927447
08FF005,0.0,0.5710700433493041,0.15354779831165866
08FF006,0.0,0.7805156285649099,0.8544375998174766
08GA027,0.0,0.1665525895505362,0.0
08GA037,0.0,0.0,0.0
08GA038,0.0,0.0,0.0
08GA041,0.0,0.0,0.0
08GA049,0.0,0.0,0.0
08GA052,0.0,0.0,0.0
08GA054,0.3032169746748802,0.0,0.0
08GA056,0.024640657084188944,0.0,0.0
08GA057,0.0,0.0,0.0
08GA061,0.9840292037417294,0.9933835272644308,0.9377138945927447
08GA062,0.0,0.3981291352954597,0.0
08GA064,0.5703855806525211,0.0,0.0
08GA065,0.974674880219028,0.1558293406342688,0.0
08GA067,0.12616929044033764,0.0,0.0
08GA071,1.0,1.0,0.9377138945927447
08GA072,0.9858544375998175,1.0,0.8544375998174766
08GA075,0.2632899840292038,0.9217430983344741,0.8455395847592972
08GA077,0.18183892311202376,0.9945242984257358,1.0
08GA079,0.0,0.81222906684919,1.0
08GB009,0.0,0.0,0.0
08GB013,0.107460643394935,1.0,0.9377138945927447
08GC008,0.0,0.24663472507415007,1.0
08GD004,1.0,1.0,0.9377138945927447
08GD005,0.6666666666666667,0.04152407027150351,0.0
08GD006,0.6666666666666667,0.04152407027150351,0.0
08GD007,1.0,0.04152407027150351,0.0
08GD008,1.0,1.0,0.6810403832991102
08GE002,0.9119324663472508,1.0,0.9377138945927447
08GE003,0.0,0.7177732146931326,0.7919233401779603
08GF006,0.0,0.7104722792607803,0.5564681724845996
08GF007,0.0,0.04403376682637461,0.9356605065023956
08HA001,1.0,1.0,1.0
08HA003,1.0,1.0,0.9860825918320785
08HA008,0.0,0.0,0.0
08HA010,0.9281314168377823,0.81222906684919,1.0
08HA016,0.9799224275610312,0.9863107460643394,1.0
08HA025,0.0,0.0,0.0
08HA026,0.9625827059091946,0.35432352270134615,0.0
08HA031,0.0,0.0,0.0
08HA034,0.0,0.0,0.0
08HA042,0.0,0.0,0.0
08HA043,0.0,0.0,0.0
08HA056,0.2940908053844399,0.0,0.0
08HA064,0.0,0.2929500342231348,0.0
08HA067,0.0,0.2498288843258042,0.0
08HA068,0.0,0.81222906684919,1.0
08HA069,0.0,0.7978553502167465,0.9942961441934748
08HA070,0.0,0.7650011407711613,1.0
08HA072,0.0,0.6990645676477298,1.0
08HB014,1.0,1.0,0.9908738307095597
08HB027,0.0,0.0,0.0
08HB032,0.6735112936344969,0.9796942733287702,0.9377138945927447
08HB037,0.0,0.0,0.0
08HB040,0.0,0.0,0.0
08HB043,0.2938626511521789,0.3748574036048369,0.0
08HB045,0.0,0.0,0.0
08HB047,0.0,0.0,0.0
08HB048,1.0,1.0,1.0
08HB050,0.0,0.0,0.0
08HB059,0.0,0.0,0.0
08HB062,0.0,0.0,0.0
08HB063,0.0,0.0,0.0
08HB064,0.09514031485284047,0.0,0.0
08HB068,0.12274697695642256,0.0,0.0
08HB069,0.9924709103353867,0.3748574036048369,0.0
08HB072,0.2890714122746977,0.0,0.0
08HB073,0.21081451060917178,0.0,0.0
08HB074,1.0,1.0,1.0
08HB075,0.7910107232489163,1.0,1.0
08HB086,0.0,0.9477526808122291,1.0
08HB089,0.0,0.7743554642938626,0.7011179557380789
08HC002,0.8272872461784166,1.0,0.5979922427561031
08HC003,0.2582705909194616,0.0,0.0
08HD004,0.0,0.0,0.0
08HD011,1.0,1.0,0.9377138945927447
08HD012,0.0,0.0,0.0
08HD015,0.9657768651608487,1.0,0.9377138945927447
08HD016,0.2448094912160621,0.3748574036048369,0.0
08HD023,0.04198037873602556,0.4994296144193475,0.7732146931325576
08HE008,0.0,0.6924480949121606,0.9377138945927447
08HE009,0.0,0.6926762491444216,1.0
08HE010,0.0,0.6931325576089437,0.5375313712069358
08HF004,1.0,1.0,0.9048596851471595
08HF005,0.38831850330823636,1.0,0.9377138945927447
08HF006,0.17681953000228157,1.0,1.0
08HF007,0.2290668491900525,0.35432352270134615,0.0
08HF008,0.2290668491900525,0.43759981747661414,0.0
08HF012,0.0,0.7107004334930414,0.8866073465662788
08HF013,0.0,0.6459046315309149,0.8544375998174766
08JA002,0.0,0.0,0.0
08JA005,0.0,0.0,0.0
08JA010,0.0,0.0,0.0
08JA014,1.0,0.971937029431896,0.0
08JA029,0.0,0.4747889573351586,0.4955509924709104
08JB002,1.0,0.9703399498060689,0.9377138945927447
08JB003,1.0,1.0,0.8537531371206936
08JB012,0.0,0.7148072096737395,0.0
08JB013,0.0,0.4138717773214693,0.47022587268993843
08JC005,0.0,0.0,0.0
08JC013,0.11042664841432803,0.0,0.0
08JD006,1.0,0.8161076887976272,1.0
08JE001,1.0,1.0,0.6876568560346794
08JE004,0.9710244125028519,1.0,0.9295003422313484
08JE005,0.33173625370750626,0.0,0.0
08KA001,1.0,1.0,0.6043805612594113
08KA003,0.0,0.0,0.0
08KA004,1.0,1.0,0.6876568560346794
08KA005,1.0,1.0,1.0
08KA007,1.0,1.0,0.8544375998174766
08KA008,1.0,0.10426648414328088,0.0
08KA009,1.0,1.0,0.6798996121378051
08KA011,0.14670317134382838,0.0,0.0
08KA013,0.0,0.728952772073922,0.783937942048825
08KB001,1.0,1.0,0.6876568560346794
08KB003,1.0,1.0,0.9370294318959617
08KB006,0.838466803559206,0.944330367328314,0.6650695870408396
08KC001,1.0,0.919005247547342,0.2265571526351814
08KC002,0.0,0.0,0.0
08KC003,1.0,0.35432352270134615,0.0
08KD001,0.9865389002966005,0.10426648414328088,0.0
08KD002,0.0,0.0,0.0
08KD003,0.0,0.0,0.0
08KD004,0.0,0.0,0.0
08KD006,0.9486652977412731,0.8332192562172028,0.3848961898243213
08KD007,1.0,0.9338352726443075,0.8544375998174766
08KE005,0.0,0.0,0.0
08KE009,1.0,0.3748574036048369,0.0
08KE014,0.0,0.0,0.0
08KE015,0.0,0.0,0.0
08KE016,1.0,0.9787816563997263,0.6043805612594113
08KE022,0.0,0.0,0.0
08KE024,0.9696554871092858,1.0,0.8272872461784166
08KE029,0.0,0.0,0.0
08KE033,0.21514944102213096,0.04357745836185256,0.0
08KE034,0.31439653205566964,0.0,0.0
08KE036,0.12229066849190051,0.0,0.0
08KF001,0.8888888888888888,0.10426648414328088,0.0
08KG001,1.0,1.0,0.7921514944102213
08KG003,1.0,0.10426648414328088,0.0
08KH001,1.0,1.0,0.9377138945927447
08KH003,1.0,0.04152407027150351,0.0
08KH006,1.0,1.0,0.8544375998174766
08KH007,0.0,0.0,0.0
08KH008,0.0,0.0,0.0
08KH010,1.0,1.0,0.8323066392881588
08KH013,0.0,0.0,0.0
08KH014,0.02099018936801278,0.0,0.0
08KH019,0.9792379648642482,0.9603011635865846,1.0
08KH022,0.24344056582249596,0.0,0.0
08KH023,0.2464065708418891,0.0,0.0
08KH025,0.29591603924252796,0.0,0.0
08KH029,0.0,0.6180698151950719,0.5703855806525211
08KH030,0.0,0.5984485512206251,0.6876568560346794
08KH031,0.0,0.17180013689253937,0.7182295231576545
08LA001,1.0,1.0,0.9377138945927447
08LA004,0.10426648414328088,0.0,0.0
08LA007,1.0,0.04791238877481174,0.0
08LA008,0.18777093315080995,0.0,0.0
08LA009,0.0,0.0,0.0
08LA013,0.10426648414328088,0.0,0.0
08LA016,0.0,0.0,0.0
08LA018,0.18777093315080995,0.0,0.0
08LA022,0.3089208304814054,0.0,0.0
08LA025,0.10152863335614881,0.0,0.0
08LA027,0.0,0.6735112936344969,0.6876568560346794
08LA028,0.0,0.6253707506274242,0.6240018252338582
08LA029,0.0,0.268309377138946,0.0
08LB017,0.0,0.0,0.0
08LB020,1.0,1.0,0.7709331508099475
08LB022,0.0,0.0,0.0
08LB024,1.0,0.9514031485284052,0.6876568560346794
08LB038,0.8957335158567191,1.0,0.8544375998174766
08LB047,1.0,1.0,0.7709331508099475
08LB064,1.0,1.0,1.0
08LB065,0.0,0.0,0.0
08LB069,1.0,1.0,0.8544375998174766
08LB076,1.0,0.9682865617157198,0.8544375998174766
08LB077,0.06502395619438739,0.0,0.0
08LB083,0.3264887063655031,0.0,0.0
08LC004,0.0,0.0,0.0
08LC021,0.0,0.0,0.0
08LC025,0.0,0.0,0.0
08LC033,0.0,0.0,0.0
08LC034,0.0,0.0,0.0
08LC036,0.0,0.0,0.0
08LC040,0.9634953228382387,1.0,0.9377138945927447
08LC048,0.08350444900752907,0.0,0.0
08LD001,1.0,0.8836413415468857,0.9377138945927447
08LD006,0.0,0.0,0.0
08LD009,0.5208761122518824,0.1706593657312343,0.0
08LE001,0.0,0.0,0.0
08LE005,0.0,0.0,0.0
08LE024,1.0,1.0,0.9377138945927447
08LE027,1.0,1.0,0.9377138945927447
08LE031,1.0,1.0,0.9377138945927447
08LE041,0.15628564909879084,0.0,0.0
08LE066,0.0,0.0,0.0
08LE067,0.0,0.0,0.0
08LE069,0.0,0.0,0.0
08LE074,0.0,0.0,0.0
08LE075,1.0,0.6139630390143738,0.0
08LE077,1.0,0.9751311886835501,0.7709331508099475
08LE078,0.0,0.0,0.0
08LE087,0.12845083276294778,0.0,0.0
08LE088,0.0,0.0,0.0
08LE091,0.05498516997490299,0.0,0.0
08LE092,0.0,0.0,0.0
08LE093,0.0,0.0,0.0
08LE094,0.27104722792607805,0.0,0.0
08LE096,0.0832762947752681,0.0,0.0
08LE101,0.04175222450376459,0.0,0.0
08LE102,0.1715719826602784,0.0,0.0
08LE106,0.514944102213096,0.0,0.0
08LE108,0.9628108601414557,0.9751311886835501,0.6876568560346794
08LF022,0.0,0.0,0.0
08LF033,0.0,0.0,0.0
08LF051,1.0,1.0,0.7709331508099475
08LF063,0.0,0.0,0.0
08LF070,0.0,0.0,0.0
08LF080,0.8847821127081907,0.12753821583390368,0.0
08LF081,1.0,0.35432352270134615,0.0
08LF084,1.0,0.35432352270134615,0.0
08LF091,0.5069587040839607,0.0009126169290439856,0.0
08LF093,0.27104722792607805,0.0,0.0
08LF094,0.4738763404061145,0.47250741501254845,0.44741044946383757
08LF095,0.458818161076888,0.0,0.0
08LF099,0.0,0.4419347478895733,0.7709331508099475
08LF100,0.0,0.4419347478895733,0.7709331508099475
08LG008,1.0,1.0,0.4645220168834132
08LG016,1.0,1.0,0.7709331508099475
08LG035,0.0,0.0,0.0
08LG048,1.0,1.0,0.8544375998174766
08LG051,0.0,0.0,0.0
08LG052,0.0,0.0,0.0
08LG053,0.0,0.0,0.0
08LG055,0.27104722792607805,0.0,0.0
08LG056,1.0,0.9691991786447639,0.5699292721879992
08LG066,0.8957335158567191,0.35432352270134615,0.0
08LG068,0.0,0.5624001825233857,0.5169974903034451
08MA001,1.0,1.0,0.9377138945927447
08MA002,1.0,1.0,0.9167237052247319
08MA003,0.9819758156513804,1.0,0.8544375998174766
08MA006,1.0,1.0,0.6810403832991102
08MB002,0.0,0.0,0.0
08MB005,1.0,1.0,0.9377138945927447
08MB006,1.0,1.0,0.7709331508099475
08MB007,1.0,1.0,0.6043805612594113
08MB009,0.36595938854665755,0.014145562400182499,0.0
08MB010,0.08898015058179332,0.0,0.0
08MC024,0.0,0.0,0.0
08MC028,0.0,0.0,0.0
08MC045,0.16769336071184116,0.5870408396075747,0.6876568560346794
08MD026,0.0,0.0,0.0
08MD028,0.4930412959160393,0.17202829112480034,0.0
08MD033,0.5498516997490304,0.0009126169290439856,0.0
08MD035,0.0,0.46429386265115213,0.6780743782797172
08ME013,0.0,0.0,0.0
08ME015,0.0,0.0,0.0
08ME022,0.0,0.0,0.0
08ME023,0.9796942733287702,1.0,1.0
08ME024,0.17476614191193252,0.0,0.0
08ME025,0.9790098106319872,1.0,1.0
08ME027,0.0,0.8957335158567191,0.9377138945927447
08ME028,0.0,0.8957335158567191,0.9377138945927447
08MF003,0.08190736938170207,0.0,0.0
08MF009,0.0,0.0,0.0
08MF014,0.0,0.0,0.0
08MF048,0.0,0.0,0.0
08MF062,0.8491900524754734,0.9308692676249144,0.8544375998174766
08MF065,0.8772530230435774,0.9557380789413643,0.7709331508099475
08MF068,0.5614875655943418,0.9498060689025781,0.8544375998174766
08MG001,0.8067533652749259,0.9425051334702259,0.8544375998174766
08MG003,0.0,0.0,0.0
08MG005,1.0,0.9164955509924709,0.9221994067989961
08MG008,0.0,0.0,0.0
08MG009,0.0,0.0,0.0
08MG013,1.0,0.9769564225416382,0.7707049965776865
08MG019,0.28701802418434863,0.0,0.0
08MG021,0.2073921971252567,0.0,0.0
08MG023,0.10426648414328088,0.0,0.0
08MG026,0.08875199634953224,0.837326032397901,0.78279717088752
08MH001,0.9984029203741729,0.9174081679215149,0.8544375998174766
08MH004,0.0,0.0,0.0
08MH006,0.999771845767739,1.0,0.8544375998174766
08MH016,1.0,1.0,0.9377138945927447
08MH018,0.2915811088295688,0.0,0.0
08MH020,0.0,0.0,0.0
08MH029,1.0,0.8927675108373261,0.9372575861282226
08MH045,0.0,0.0,0.0
08MH055,0.0,0.0,0.0
08MH056,0.9630390143737166,1.0,0.9374857403604837
08MH060,0.0,0.0,0.0
08MH072,0.09422769792379648,0.0,0.0
08MH076,0.999771845767739,0.9388546657540497,0.9377138945927447
08MH077,0.0,0.0,0.0
08MH082,0.0,0.0,0.0
08MH097,0.0,0.0,0.0
08MH103,1.0,1.0,0.9377138945927447
08MH104,0.39744467259867666,0.0,0.0
08MH108,0.0,0.0,0.0
08MH129,0.09765001140771157,0.0,0.0
08MH141,1.0,1.0,1.0
08MH147,0.9420488250057039,0.9559662331736254,0.8544375998174766
08MH155,0.8058407483458818,1.0,0.8544375998174766
08MH166,0.0,0.4788957335158567,1.0
08NA001,0.0,0.0,0.0
08NA002,1.0,1.0,1.0
08NA005,0.0,0.0,0.0
08NA006,1.0,1.0,0.9336071184120466
08NA012,0.18777093315080995,0.0,0.0
08NA020,0.02099018936801278,0.0,0.0
08NA037,0.26602783481633585,0.1781884553958476,0.0
08NA039,0.0,0.0,0.0
08NA052,0.0,0.0,0.0
08NA053,0.2290668491900525,0.162445813369838,0.0
08NA055,0.0,0.0,0.0
08NA056,0.0,0.0,0.0
08NA058,0.0,0.0,0.0
08NB001,0.0,0.0,0.0
08NB005,1.0,1.0,1.0
08NB009,0.0,0.0,0.0
08NB010,0.0,0.0,0.0
08NB012,1.0,0.862194843714351,0.9377138945927447
08NB014,1.0,1.0,0.9377138945927447
08NB016,1.0,1.0,0.8396075747205111
08NB018,0.35432352270134615,0.0,0.0
08NB019,0.81222906684919,1.0,1.0
08NB020,0.0,0.0,0.1216062057951175
08NC003,0.0,0.0,0.0
08NC004,1.0,0.837554186630162,0.8544375998174766
08ND006,0.0,0.0,0.0
08ND012,1.0,1.0,1.0
08ND013,1.0,1.0,0.9377138945927447
08ND018,1.0,0.35432352270134615,0.0
08ND019,1.0,0.9377138945927447,0.0
08NE006,1.0,1.0,0.7709331508099475
08NE008,1.0,0.8553502167465207,0.9377138945927447
08NE021,0.22883869495779152,0.0,0.0
08NE025,0.0,0.0,0.0
08NE039,1.0,1.0,0.9377138945927447
08NE072,0.0,0.0,0.0
08NE073,0.0,0.0,0.0
08NE074,1.0,1.0,1.0
08NE076,0.0,0.0,0.0
08NE077,1.0,1.0,0.6876568560346794
08NE083,0.0,0.0,0.0
08NE087,1.0,1.0,0.9377138945927447
08NE088,0.0,0.0,0.0
08NE091,0.0,0.0,0.0
08NE096,0.0,0.0,0.0
08NE097,0.0,0.0,0.0
08NE099,0.0,0.0,0.0
08NE101,0.0,0.0,0.0
08NE108,0.0,0.0,0.0
08NE110,0.6475017111567419,1.0,0.7709331508099475
08NE111,0.0,0.0,0.0
08NE112,0.0,0.0,0.0
08NE113,0.02099018936801278,0.0,0.0
08NE114,1.0,1.0,0.9377138945927447
08NE120,0.0,0.0,0.0
08NE121,0.0,0.0,0.0
08NE122,0.0,0.0,0.0
08NE124,0.18777093315080995,0.0,0.0
08NF001,1.0,1.0,0.9377138945927447
08NF002,1.0,0.04699977184576776,0.0
08NF004,0.0,0.0,0.0
08NG004,0.0,0.0,0.0
08NG009,0.0,0.0,0.0
08NG012,1.0,0.04129591603924254,0.0
08NG032,0.0,0.0,0.0
08NG042,0.0,0.0,0.0
08NG046,1.0,0.04198037873602556,0.0
08NG051,0.18777093315080995,0.0,0.0
08NG052,0.0,0.0,0.0
08NG057,0.0,0.0,0.0
08NG061,0.0,0.0,0.0
08NG062,0.0,0.0,0.0
08NG065,1.0,1.0,0.9377138945927447
08NG076,1.0,1.0,0.9377138945927447
08NG077,1.0,1.0,0.9377138945927447
08NG078,1.0,0.049509468400638856,0.0
08NG083,0.10426648414328088,0.0,0.0
08NG086,0.4788957335158567,0.324891626739676,0.0
08NH003,0.0,0.0,0.0
08NH005,1.0,1.0,0.9377138945927447
08NH006,1.0,1.0,0.9167237052247319
08NH007,1.0,0.4919005247547342,1.0
08NH009,0.04699977184576776,0.0,0.0
08NH016,1.0,1.0,0.9377138945927447
08NH032,1.0,0.9160392425279489,0.9324663472507415
08NH034,0.0,0.0,0.0
08NH046,0.0,0.0,0.0
08NH051,0.3153091489847136,0.0,0.0
08NH068,0.0,0.0,0.0
08NH070,0.0,0.0,0.0
08NH084,1.0,1.0,0.9377138945927447
08NH085,0.02099018936801278,0.0,0.0
08NH100,0.0,0.0,0.0
08NH105,0.0,0.0,0.0
08NH106,0.0,0.0,0.0
08NH109,0.0,0.0,0.0
08NH115,0.9929272187999088,1.0,0.9377138945927447
08NH117,0.0,0.11841204654346338,0.0
08NH119,1.0,1.0,1.0
08NH120,1.0,1.0,0.8544375998174766
08NH121,0.0,0.0,0.0
08NH125,0.0,0.0,0.0
08NH130,1.0,1.0,0.9226557152635182
08NH132,1.0,1.0,0.9377138945927447
08NH137,0.1190965092402464,0.0,0.0
08NH138,0.0,0.7086470454026923,0.6876568560346794
08NJ013,1.0,1.0,1.0
08NJ016,0.0,0.0,0.0
08NJ018,0.0,0.0,0.0
08NJ019,0.12502851927903258,0.4670317134382843,0.0
08NJ026,0.0,0.9527720739219713,0.9377138945927447
08NJ027,0.46018708647045403,0.0,0.0
08NJ039,0.0,0.0,0.0
08NJ049,0.0,0.0,0.0
08NJ061,0.5227013461099703,1.0,0.9377138945927447
08NJ065,0.0,0.0,0.0
08NJ069,0.0,0.0,0.0
08NJ098,0.0,0.0,0.0
08NJ104,0.0,0.0,0.0
08NJ106,0.20511065480264656,0.0,0.0
08NJ120,0.0,0.0,0.0
08NJ126,0.49509468400638834,0.0036504677161761645,0.0
08NJ129,1.0,0.12708190736938174,0.0
08NJ130,1.0,1.0,0.9377138945927447
08NJ131,0.0,0.0,0.0
08NJ133,0.0,0.0,0.0
08NJ134,0.0,0.0,0.0
08NJ143,0.0,0.0,0.0
08NJ145,0.0,0.0,0.0
08NJ149,0.0,0.0,0.0
08NJ152,0.0,0.0,0.0
08NJ153,0.0,0.0,0.0
08NJ154,0.0,0.0,0.0
08NJ157,0.0,0.0,0.0
08NJ159,0.0,0.0,0.0
08NJ160,1.0,1.0,0.9377138945927447
08NJ162,0.8751996349532284,0.0,0.0
08NJ163,0.2340862422997947,0.0,0.0
08NJ164,0.5236139630390144,0.16769336071184116,0.0
08NJ167,0.5462012320328542,0.2206251425963952,0.0
08NJ168,0.9516313027606662,1.0,0.7337440109514031
08NK002,1.0,1.0,0.9377138945927447
08NK012,0.0,0.0,0.0
08NK013,0.0,0.0,0.0
08NK016,1.0,1.0,0.9377138945927447
08NK018,1.0,1.0,0.9377138945927447
08NK020,1.0,0.09263061829796948,0.0
08NK022,1.0,1.0,0.9377138945927447
08NK026,0.9780971937029432,1.0,1.0
08NK028,0.4798083504449008,0.02053388090349073,0.0
08NK029,0.5970796258270591,0.05772302076203517,0.0
08NL004,1.0,1.0,0.9377138945927447
08NL007,1.0,1.0,0.7709331508099475
08NL008,0.0,0.0,0.0
08NL024,1.0,1.0,0.8544375998174766
08NL035,0.0,0.0,0.0
08NL036,1.0,0.35432352270134615,0.0
08NL037,0.0,0.0,0.0
08NL038,1.0,1.0,0.7709331508099475
08NL040,0.0,0.0,0.0
08NL041,0.0,0.0,0.0
08NL050,1.0,1.0,0.8544375998174766
08NL062,0.0,0.0,0.0
08NL067,0.0,0.0,0.0
08NL069,1.0,1.0,0.7707049965776865
08NL070,1.0,0.947296372347707,0.7709331508099475
08NL071,1.0,1.0,0.8544375998174766
08NL076,0.0,0.728952772073922,0.8544375998174766
08NM015,0.02099018936801278,0.0,0.0
08NM036,0.0,0.0,0.0
08NM038,0.0,0.0,0.0
08NM126,0.0,0.0,0.0
08NM133,0.3207848505589779,0.0,0.0
08NM134,1.0,1.0,0.7709331508099475
08NM137,0.31599361168149664,0.0,0.0
08NM142,1.0,0.9664613278576317,0.6876568560346794
08NM146,0.02099018936801278,0.0,0.36846908510152865
08NM147,0.0,0.0,0.0
08NM164,0.2865617157198266,0.0,0.0
08NM171,1.0,1.0,0.7709331508099475
08NM173,1.0,1.0,0.7709331508099475
08NM174,1.0,0.9648642482318047,0.6641569701117955
08NM210,0.0,0.0,0.0
08NM240,0.9096509240246407,1.0,0.8603696098562629
08NM241,0.9096509240246407,1.0,0.8489618982432124
08NM242,0.81222906684919,1.0,0.8544375998174766
08NN002,1.0,1.0,0.7709331508099475
08NN012,1.0,1.0,1.0
08NN013,1.0,1.0,1.0
08NN015,1.0,1.0,0.7709331508099475
08NN019,1.0,1.0,0.8544375998174766
08NN020,0.0,0.0,0.0
08NN021,0.18777093315080995,0.0,0.0
08NN022,1.0,0.12867898699520874,0.0
08NN023,1.0,1.0,0.7709331508099475
08NN028,0.0,0.728952772073922,0.8544375998174766
08NP001,1.0,0.2913529545973078,0.9164955509924709
08NP002,0.8409765001140771,0.0,0.0
08NP004,1.0,1.0,0.9377138945927447
08OA002,0.9160392425279489,1.0,0.9338352726443075
08OA004,0.405430070727812,0.5021674652064796,0.4798083504449008
08OA005,0.08669860825918319,0.6618754277891855,0.4896189824321241
08PA001,0.0,0.0,0.0
09AA006,1.0,0.9041752224503765,0.8542094455852156
09AA007,0.8986995208761123,0.0,0.0
09AA008,0.0,0.0,0.0
09AA010,0.9005247547342004,0.0,0.0
09AA012,1.0,0.971252566735113,0.9377138945927447
09AA013,0.9842573579739904,0.7515400410677618,0.8544375998174766
09AB008,1.0,0.07232489162673972,0.0
09AB009,1.0,0.02099018936801278,0.0
09AC001,0.9849418206707734,1.0,0.9377138945927447
09AC007,0.4512890714122747,0.9030344512890714,0.9377138945927447
09AD001,1.0,0.09399954369153551,0.0
09AE001,1.0,0.02099018936801278,0.0
09AE003,1.0,0.8870636550308009,0.9155829340634268
09AE004,0.9377138945927447,0.0,0.0
09AE006,0.0,0.972393337896418,0.9155829340634268
09AF001,0.0,0.0,0.0
09AG003,1.0,0.18777093315080995,0.0
09AH001,1.0,0.10426648414328088,0.0
09AH003,0.9815195071868583,0.9167237052247319,0.9377138945927447
09AH004,1.0,1.0,0.9377138945927447
09BA001,1.0,1.0,0.9370294318959617
09BB002,0.8715491672370522,0.1649555099247091,0.0
09BC001,1.0,1.0,0.9377138945927447
09BC002,0.0,0.0,0.0
09BC004,1.0,1.0,0.9370294318959617
09CA003,0.7535934291581109,0.02099018936801278,0.0
09CA004,0.9541409993155373,0.9561943874058864,0.8291124800365046
09CA006,0.0,0.9133013917408168,0.9374857403604837
09CB001,0.973305954825462,0.9167237052247319,0.9377138945927447
09CD001,1.0,1.0,0.9377138945927447
09DA001,0.8786219484371435,0.12457221081451064,0.16381473876340402
09DB001,0.0,0.8893451973534109,0.9306411133926534
09DC002,0.0,0.0,0.0
09DC003,1.0,0.10426648414328088,0.0
09DD002,0.0,0.0,0.0
09DD003,1.0,0.9860825918320785,0.9377138945927447
09DD004,0.9799224275610312,1.0,0.9340634268765685
09EA003,1.0,1.0,0.8544375998174766
09EA004,1.0,0.9650924024640657,0.8505589778690394
09EA005,0.9650924024640657,0.02099018936801278,0.20260095824777546
09EB001,0.0,0.0,0.0
09EB002,0.0,0.0,0.0
09EB003,0.9858544375998175,1.0,0.9215149441022131
09EC002,0.973990417522245,0.18777093315080995,0.0
09ED001,0.9790098106319872,0.9580196212639744,0.8332192562172028
09FA001,0.8834131873146247,0.18457677389915583,0.15217887291809262
09FB001,1.0,0.10426648414328088,0.0
09FB002,0.9053159936116815,0.18457677389915583,0.32671686059776406
09FC001,0.8715491672370522,0.946383755418663,0.9342915811088296
09FD001,1.0,0.10426648414328088,0.0
09FD002,0.6456764772986539,1.0,0.9377138945927447
10AA001,1.0,1.0,0.9377138945927447
10AA002,0.9308692676249144,0.0,0.0
10AA004,0.7812000912616929,0.9819758156513804,0.8544375998174766
10AA005,0.47843942505133474,0.9911019849418207,0.8544375998174766
10AB001,0.999543691535478,1.0,0.9370294318959617
10AB003,0.5211042664841432,0.0,0.0
10AC002,0.9377138945927447,0.0,0.0
10AC003,0.18777093315080995,0.0,0.0
10AC004,0.999543691535478,0.10426648414328088,0.0
10AC005,0.9981747661419119,0.9988592288386949,0.997946611909651
10AC006,0.8957335158567191,0.10426648414328088,0.0
10AD001,0.8544375998174766,0.0,0.0
10AD002,0.9069130732375086,0.02099018936801278,0.12320328542094461
10BA001,0.9164955509924709,0.0,0.0
10BB001,0.5833903718913986,0.04152407027150351,0.0
10BB002,1.0,0.02099018936801278,0.0
10BC001,1.0,0.04152407027150351,0.0
10BD001,0.8820442619210587,0.0,0.042892995665069544
10BE001,1.0,1.0,0.8544375998174766
10BE004,1.0,0.9680584074834588,0.4898471366643852
10BE005,1.0,0.04152407027150351,0.0
10BE006,1.0,0.08898015058179332,0.0
10BE007,1.0,0.9680584074834588,0.4898471366643852
10BE009,0.9865389002966005,0.9680584074834588,0.4747889573351586
10BE010,0.9790098106319872,0.04152407027150351,0.0
10BE011,0.9790098106319872,0.04152407027150351,0.0
10BE012,0.9406798996121378,0.04152407027150351,0.0
10BE013,0.9306411133926534,0.9680584074834588,0.4898471366643852
10CA001,0.49920146018708644,0.6607346566278804,0.3091489847136665
10CB001,1.0,0.9612137805156286,0.44649783253479347
10CC001,0.0,0.0,0.0
10CC002,1.0,0.727127538215834,0.0
10CD001,1.0,1.0,0.6876568560346794
10CD003,1.0,0.9952087611225188,0.6694045174537988
10CD004,1.0,0.999543691535478,0.5979922427561031
10CD005,0.9584759297284965,0.999543691535478,0.6876568560346794
10CD006,0.5624001825233857,0.04152407027150351,0.0
10DA001,0.0,0.16678074378279717,0.4145562400182523
10EA002,0.4686287930641113,0.0,0.0
10EA003,0.999543691535478,0.9904175222450377,0.917180013689254
10EB001,0.9901893680127767,0.9958932238193019,0.890485968514716
10EB003,0.6340406114533425,0.0,0.0
10EC001,1.0,0.10426648414328088,0.0
10EC002,0.6520647958019621,0.0,0.07141227469769562
10ED001,1.0,1.0,0.839151266255989
10ED002,1.0,1.0,0.9377138945927447
10ED003,0.9968058407483459,0.9981747661419119,0.9377138945927447
10ED007,0.2505133470225873,1.0,0.9377138945927447
10ED009,0.0,0.9774127310061602,0.9372575861282226
10FA002,0.9968058407483459,0.9988592288386949,0.9377138945927447
10FB005,0.9968058407483459,0.9984029203741729,0.7709331508099475
10GA001,0.8898015058179329,0.5870408396075747,0.38261464750171115
10GB001,0.0,0.0,0.0
10GB005,0.3839835728952772,0.0,0.0
10GB006,1.0,0.6141911932466347,0.9253935660506503
10GC003,0.9968058407483459,0.9984029203741729,0.9377138945927447
10HA002,0.028747433264887046,0.0,0.0
10HA003,0.13529545973077806,0.0,0.0
10HA004,0.0,0.3798767967145791,0.6659822039698837
10HB001,0.0,0.0,0.0
10HB003,0.41752224503764546,0.0,0.0
10HB004,0.6340406114533425,0.0,0.0
10HB005,0.7711613050422086,0.44512890714122744,0.27173169062286107
10HC005,0.1533196440793977,0.0,0.0
10HC006,0.6240018252338582,0.0,0.0
10HC007,0.0,0.03901437371663241,0.15263518138261467
10HC008,0.0,0.03901437371663241,0.16198950490531594
10JA002,0.8181610768879762,0.9614419347478895,0.36185261236595934
10JA004,0.11613050422085325,0.0,0.0
10JB001,0.0,0.0,0.0
10JC003,0.7910107232489163,0.892311202372804,0.7241615331964408
10JD001,0.0,0.0,0.0
10JD002,0.379648642482318,0.0,0.0
10KA005,0.0,0.0,0.0
10KA006,0.890942276979238,0.02099018936801278,0.21172712753821588
10KA007,0.9799224275610312,0.02099018936801278,0.6945014830025097
10KA008,0.0,0.0,0.38261464750171115
10KA009,0.0,0.0,0.3874058863791924
10KB001,0.9963495322838238,0.5055897786903947,0.8058407483458818
10KC001,0.5872689938398357,0.019849418206707714,0.05042208532968284
10KD004,0.47410449463837556,0.15856719142140085,0.0
10KD009,0.0,0.0,0.3837554186630162
10LA002,0.0,0.32603239790098104,0.05110654802646586
10LB004,0.0,0.0,0.5233858088067533
10LB005,0.0,0.2290668491900525,0.7738991558293407
10LB006,0.0,0.06182979694273327,0.05110654802646586
10LB007,0.0,0.0,0.4214008669860826
10LC003,0.999543691535478,0.9317818845539585,0.7757243896874287
10LC007,0.9758156513803331,0.917180013689254,0.9071412274697696
10LC010,0.6046087154916724,0.0,0.0
10LC017,0.0,0.8017339721651837,0.893908281998631
10LD004,0.0,0.0,0.6520647958019621
10MA001,0.9785535021674652,0.3438284280173397,0.9269906456764773
10MA002,0.9835728952772074,0.18777093315080995,0.08304814054300702
10MA003,0.8957335158567191,0.16723705224731922,0.9012092174309834
10MB001,0.0,0.0,0.0
10MB003,0.0,0.009582477754962349,0.0
10MB004,0.0,0.0,0.0
10MC002,0.9167237052247319,0.972393337896418,0.8526123659593885
10MC007,0.6824093086926762,0.0,0.021446497832534828
10MD001,0.9956650695870408,0.3032169746748802,0.3429158110882957
10NA001,0.8350444900752909,0.0,0.0
10NC001,0.8624229979466119,0.4713666438512435,0.37166324435318276
10ND002,0.9164955509924709,0.9954369153547798,0.812457221081451
10ND004,0.5514487793748575,0.7898699520876112,0.7068218115446041
10OB001,0.0,0.2596395163130276,0.28952772073921973
10PA001,0.01642710472279263,0.9215149441022131,0.5626283367556468
10PB001,0.999771845767739,1.0,0.47091033538672145
10PB002,0.0,0.0,0.0
10PC001,0.0,0.0,0.0
10PC003,0.2879306411133926,0.0,0.0
10PC004,0.6456764772986539,0.9315537303216974,0.7490303445128907
10PC005,0.10837326032397898,0.9256217202829112,0.47159479808350446
10QA001,0.9564225416381474,0.728952772073922,0.4261921058635638
10QC002,0.0,0.0,0.0
10QD001,0.0,0.14214008669860823,0.0
10RA002,0.0,0.4186630161989505,0.47501711156741955
10RC001,1.0,0.8551220625142597,0.6586812685375314
10RC002,0.0,0.13871777321469314,0.6050650239561943
10SB001,0.7812000912616929,0.0,0.0
10TA001,0.0,0.0,0.0
10TF001,0.8005932010038787,0.9810631987223363,0.7054528861510381
10UE001,0.02783481633584306,0.0,0.0
10UG001,0.0,0.008669860825918363,0.4795801962126397
10UH001,0.6814966917636323,0.25119780971937034,0.5776865160848734
10UH002,0.6173853524982889,0.10266940451745377,0.7613506730549852
10UH003,0.0,0.0,0.3148528405201917
10UH004,0.0,0.008898015058179332,0.5922883869495779
10UH005,0.0,0.0091261692904403,0.6867442391056354
10UH006,0.0,0.008669860825918363,0.2854209445585215
10UH010,0.0,0.007757243896874266,0.5895505361624458
10UH011,0.0,0.008213552361396315,0.6011864020077573
10UH012,0.0,0.0,0.8199863107460643
10UH014,0.0,0.0,0.2356833219256217
10VC001,0.07962582705909194,0.0,0.0
10VC002,0.0,0.0,0.04403376682637461
10VK001,0.0,0.0,0.0
11AA026,0.6869723933378964,0.678986995208761,0.45425507643166785
11AB006,0.0,0.0,0.0
11AB070,0.0,0.0,0.0
11AB075,0.6817248459958932,0.6853753137120693,0.6509240246406571
11AB105,0.0,0.0,0.0
11AB117,0.7122975131188684,0.7045402692219941,0.6313027606662104
11AC025,0.7100159707962583,0.7218799908738307,0.6842345425507643
11AC073,0.2737850787132101,0.0,0.0
11AD001,0.0,0.0,0.0
11AE006,0.0,0.0,0.0
11AE007,0.0,0.0,0.0
11AE009,1.0,0.972621492128679,0.9374857403604837
